Metadata_target,Metadata_split,ORF,CRISPR,Compound
KCNN1,train,ccsbBroad304_00900,BRDN0001485421,BRD-K70586315-001-02-4
KCNN1,train,ccsbBroad304_00900,BRDN0001485843,BRD-A82396632-008-30-8
SLCO2B1,train,ccsbBroad304_07795,BRDN0001489686,BRD-K36927236-001-36-7
SLCO2B1,train,ccsbBroad304_07795,BRDN0001485154,BRD-K38512030-001-01-7
SLC7A11,train,ccsbBroad304_02826,BRDN0001480510,BRD-K59058747-001-19-1
SLC7A11,train,ccsbBroad304_02826,BRDN0001483086,BRD-A15397381-001-02-5
SCNN1G,train,ccsbBroad304_01492,BRDN0001488543,BRD-K87158025-003-08-7
SCNN1G,train,ccsbBroad304_01492,BRDN0001485163,BRD-K92049597-001-20-8
GRIN2A,train,ccsbBroad304_00691,BRDN0001481599,BRD-K09787262-001-02-7
GRIN2A,train,ccsbBroad304_00691,BRDN0001483549,BRD-K11796549-001-05-2
KCNN4,train,ccsbBroad304_00902,BRDN0001481331,BRD-K48278478-001-01-2
KCNN4,train,ccsbBroad304_00902,BRDN0001481651,BRD-K37602296-001-01-6
SIRT2,train,ccsbBroad304_02705,BRDN0001056840,BRD-K09143580-001-01-0
SIRT2,train,ccsbBroad304_02705,BRDN0001056840,BRD-K16472653-001-01-6
OPRM1,train,ccsbBroad304_01122,BRDN0001487618,BRD-A72767275-003-01-6
OPRM1,train,ccsbBroad304_01122,BRDN0001487618,BRD-K61250553-003-30-6
CHRM3,train,ccsbBroad304_00305,BRDN0001484703,BRD-A48180038-003-24-3
CHRM3,train,ccsbBroad304_00305,BRDN0001480921,BRD-K80451230-051-02-6
HIF1A,train,ccsbBroad304_06365,BRDN0001480888,BRD-K44432556-001-05-5
HIF1A,train,ccsbBroad304_06365,BRDN0001482977,BRD-K70463136-001-01-5
CYP2A6,train,ccsbBroad304_06071,BRDN0001479298,BRD-K15502390-001-20-9
CYP2A6,train,ccsbBroad304_06071,BRDN0001479298,BRD-A09722536-002-18-0
CACNG1,train,ccsbBroad304_05926,BRDN0001479791,BRD-A18992208-003-02-7
CACNG1,train,ccsbBroad304_05926,BRDN0001480256,BRD-A69636825-003-04-7
GHSR,train,ccsbBroad304_06272,BRDN0001488469,BRD-K44771174-066-01-0
GHSR,train,ccsbBroad304_06272,BRDN0001479972,BRD-K02554563-001-01-6
CACNB4,train,ccsbBroad304_00202,BRDN0001487247,BRD-A86665761-001-01-1
CACNB4,train,ccsbBroad304_00202,BRDN0001487328,BRD-A58048407-001-20-4
DDR2,train,ccsbBroad304_14724,BRDN0001147364,BRD-K61845293-300-01-9
DDR2,train,ccsbBroad304_14724,BRDN0001147906,BRD-K16730910-001-07-3
KDR,train,ccsbBroad304_14684,BRDN0001144938,BRD-K99616396-316-05-3
KDR,train,ccsbBroad304_14684,BRDN0001146819,BRD-K29895144-001-01-0
KCNH7,train,ccsbBroad304_04505,BRDN0001486718,BRD-K22482860-001-20-6
KCNH7,train,ccsbBroad304_04505,BRDN0001485309,BRD-K01825589-310-02-9
OPRL1,train,ccsbBroad304_01121,BRDN0001490272,BRD-K47049295-300-03-1
OPRL1,train,ccsbBroad304_01121,BRDN0001488387,BRD-K73276278-305-01-1
AKR1C1,train,ccsbBroad304_06088,BRDN0001485957,BRD-A01078468-001-14-8
AKR1C1,train,ccsbBroad304_06088,BRDN0001485957,BRD-K93632104-001-17-2
P2RY12,train,ccsbBroad304_08873,BRDN0001481609,BRD-A83029242-001-06-1
P2RY12,train,ccsbBroad304_08873,BRDN0001481136,BRD-K77060810-001-01-5
CA5A,train,ccsbBroad304_05921,BRDN0001485334,BRD-K74913225-001-14-0
CA5A,train,ccsbBroad304_05921,BRDN0001486451,BRD-K18131774-001-18-4
CHRM2,train,ccsbBroad304_00304,BRDN0001482877,BRD-K72815923-034-02-0
CHRM2,train,ccsbBroad304_00304,BRDN0001486606,BRD-K18895904-001-16-1
CSK,train,ccsbBroad304_00376,BRDN0000987760,BRD-K25244359-066-02-6
CSK,train,ccsbBroad304_00376,BRDN0001144968,BRD-K50495309-001-02-0
LPAR1,train,ccsbBroad304_00477,BRDN0001483194,BRD-K26439554-001-01-3
LPAR1,train,ccsbBroad304_00477,BRDN0001487712,BRD-A25569250-001-03-3
S1PR2,train,ccsbBroad304_02129,BRDN0001485038,BRD-K29151923-001-01-5
S1PR2,train,ccsbBroad304_02129,BRDN0001482049,BRD-K43330982-001-02-3
TGM2,train,ccsbBroad304_07061,BRDN0001487881,BRD-K38272302-001-02-7
TGM2,train,ccsbBroad304_07061,BRDN0001479616,BRD-K51485109-001-01-4
VEGFA,train,ccsbBroad304_01768,BRDN0001065457,BRD-K47978074-001-03-2
VEGFA,train,ccsbBroad304_01768,BRDN0001488344,BRD-K57313110-001-06-8
COMT,train,ccsbBroad304_06018,BRDN0001487915,BRD-K12102668-001-25-5
COMT,train,ccsbBroad304_06018,BRDN0001488371,BRD-K08953028-001-09-6
CCND1,train,ccsbBroad304_00155,BRDN0001066064,BRD-K72726508-001-02-1
CCND1,train,ccsbBroad304_00155,BRDN0001066250,BRD-K05531427-001-01-7
ITGB2,train,ccsbBroad304_06464,BRDN0001489066,BRD-K22134346-001-22-3
ITGB2,train,ccsbBroad304_06464,BRDN0001489066,BRD-K20093108-001-02-3
FFAR2,train,ccsbBroad304_00681,BRDN0001487636,BRD-A54139254-001-09-2
FFAR2,train,ccsbBroad304_00681,BRDN0001487543,BRD-K05878375-236-05-7
HSP90AB1,train,ccsbBroad304_00799,BRDN0001484748,BRD-K67915505-001-01-2
HSP90AB1,train,ccsbBroad304_00799,BRDN0001489575,BRD-K43570081-001-02-4
PDE4D,train,ccsbBroad304_11023,BRDN0000563501,BRD-K16444452-001-09-1
PDE4D,train,ccsbBroad304_11023,BRDN0000563722,BRD-K16542329-001-16-8
LCK,train,ccsbBroad304_14688,BRDN0001145503,BRD-K50199947-001-03-4
LCK,train,ccsbBroad304_14688,BRDN0001145758,BRD-K34581968-001-05-3
CDK4,train,ccsbBroad304_00277,BRDN0001493988,BRD-K06426971-001-02-7
CDK4,train,ccsbBroad304_00277,BRDN0001053816,BRD-K62949423-001-03-1
ABL1,train,ccsbBroad304_14525,BRDN0001147538,BRD-K87632963-001-03-0
ABL1,train,ccsbBroad304_14525,BRDN0001145303,BRD-K59831625-001-03-9
HSD11B1,train,ccsbBroad304_06403,BRDN0001484276,BRD-K80970344-201-08-6
HSD11B1,train,ccsbBroad304_06403,BRDN0001488463,BRD-K18289362-001-02-2
MET,train,ccsbBroad304_14696,BRDN0000734703,BRD-K73319509-001-08-0
MET,train,ccsbBroad304_14696,BRDN0001065558,BRD-K19477839-001-07-6
ATM,train,ccsbBroad304_10688,BRDN0001149518,BRD-K36016295-001-05-2
ATM,train,ccsbBroad304_10688,BRDN0001149033,BRD-K25311561-001-10-7
BRAF,train,ccsbBroad304_16175,BRDN0001054801,BRD-K73789395-001-09-9
BRAF,train,ccsbBroad304_16175,BRDN0000562882,BRD-K62810658-001-11-4
GABRB2,train,ccsbBroad304_00607,BRDN0001486784,BRD-K33882852-003-02-8
GABRB2,train,ccsbBroad304_00607,BRDN0001482741,BRD-K33882852-003-02-8
PTGIR,train,ccsbBroad304_06811,BRDN0000732963,BRD-A72351335-001-04-5
PTGIR,train,ccsbBroad304_06811,BRDN0000732970,BRD-K77220725-003-01-5
F10,train,ccsbBroad304_06188,BRDN0001483506,BRD-K29322660-001-01-9
F10,train,ccsbBroad304_06188,BRDN0001481654,BRD-K78126613-001-27-7
HBB,train,ccsbBroad304_06353,BRDN0001480931,BRD-K29791386-001-01-8
HBB,train,ccsbBroad304_06353,BRDN0001481787,BRD-K37355418-236-01-6
TNF,train,ccsbBroad304_01684,BRDN0001486858,BRD-K81405859-300-01-4
TNF,train,ccsbBroad304_01684,BRDN0001487201,BRD-K47738867-001-01-5
HSP90AA1,train,ccsbBroad304_06412,BRDN0001488886,BRD-K38852836-001-04-9
HSP90AA1,train,ccsbBroad304_06412,BRDN0001483257,BRD-K38852836-001-04-9
FFAR4,train,ccsbBroad304_05439,BRDN0001483355,BRD-K24282351-001-01-4
FFAR4,train,ccsbBroad304_05439,BRDN0001486630,BRD-K26514105-001-01-7
LYN,train,ccsbBroad304_00954,BRDN0001145318,BRD-K44227013-001-08-0
LYN,train,ccsbBroad304_00954,BRDN0001145318,BRD-K95785537-001-22-3
ATP5F1D,train,ccsbBroad304_00129,BRDN0001480293,BRD-A51831848-001-01-7
ATP5F1D,train,ccsbBroad304_00129,BRDN0001482384,BRD-A31564021-001-02-6
KCNK1,train,ccsbBroad304_06483,BRDN0001480346,BRD-K59632282-052-03-1
KCNK1,train,ccsbBroad304_06483,BRDN0001483666,BRD-A74391928-051-03-9
NTRK1,train,ccsbBroad304_14720,BRDN0001148112,BRD-K36574127-001-01-3
NTRK1,train,ccsbBroad304_14720,BRDN0001148112,BRD-K19975102-001-01-2
SSTR2,train,ccsbBroad304_01602,BRDN0001487345,BRD-K14681867-001-01-6
SSTR2,train,ccsbBroad304_01602,BRDN0001480942,BRD-A64173453-015-03-1
EZH2,train,ccsbBroad304_00526,BRDN0001057455,BRD-K91535048-001-01-2
EZH2,train,ccsbBroad304_00526,BRDN0001057455,BRD-K26989966-001-04-3
DCK,train,ccsbBroad304_06085,BRDN0001148859,BRD-K91822704-003-07-2
DCK,train,ccsbBroad304_06085,BRDN0001487070,BRD-K71106091-001-09-5
PDPK1,train,ccsbBroad304_14741,BRDN0001145239,BRD-K90497590-001-05-9
PDPK1,train,ccsbBroad304_14741,BRDN0001162582,BRD-K45293975-001-02-0
AVPR1A,train,ccsbBroad304_00142,BRDN0001485604,BRD-K37385792-003-02-1
AVPR1A,train,ccsbBroad304_00142,BRDN0001490153,BRD-K25243230-001-01-2
CLK1,train,ccsbBroad304_00326,BRDN0001147209,BRD-K66430217-001-03-8
CLK1,train,ccsbBroad304_00326,BRDN0001146512,BRD-K97072811-001-11-4
RGS4,train,ccsbBroad304_01396,BRDN0001489262,BRD-K26970495-001-02-7
RGS4,train,ccsbBroad304_01396,BRDN0001484786,BRD-K08893438-001-06-4
PLD1,train,ccsbBroad304_01216,BRDN0001065841,BRD-K50055394-001-03-6
PLD1,train,ccsbBroad304_01216,BRDN0001065841,BRD-K04210847-001-21-9
"NAMPT",train,ccsbBroad304_07557,BRDN0001484730,BRD-K58550667-001-08-7
"NAMPT",train,ccsbBroad304_07557,BRDN0001481327,BRD-K58550667-001-08-7
CSF1R,train,ccsbBroad304_14597,BRDN0001146959,BRD-K15819326-001-01-6
CSF1R,train,ccsbBroad304_14597,BRDN0001146892,BRD-K86930074-001-05-0
KRAS,train,ccsbBroad304_16173,BRDN0001054815,BRD-K41599323-001-02-3
KRAS,train,ccsbBroad304_16173,BRDN0000563627,BRD-K41599323-001-02-3
JAK1,train,ccsbBroad304_14679,BRDN0001065674,BRD-K16803204-001-01-6
JAK1,train,ccsbBroad304_14679,BRDN0001065858,BRD-K53972329-001-01-3
ELANE,train,ccsbBroad304_00494,BRDN0001482390,BRD-K37864785-001-01-0
ELANE,train,ccsbBroad304_00494,BRDN0001483830,BRD-K31476763-001-01-5
FPR1,train,ccsbBroad304_06221,BRDN0000990355,BRD-A36217750-001-16-3
FPR1,train,ccsbBroad304_06221,BRDN0000990412,BRD-K13533483-001-16-2
PORCN,train,ccsbBroad304_03976,BRDN0001065257,BRD-K53234107-001-01-6
PORCN,train,ccsbBroad304_03976,BRDN0001065258,BRD-K16810791-001-01-0
ANXA1,train,ccsbBroad304_05821,BRDN0001483788,BRD-K38775274-001-22-1
ANXA1,train,ccsbBroad304_05821,BRDN0001486382,BRD-A10188456-001-04-9
CATSPER4,train,ccsbBroad304_05555,BRDN0001483495,BRD-K78122587-300-04-3
CATSPER4,train,ccsbBroad304_05555,BRDN0001484586,BRD-K26521938-001-07-2
RET,train,ccsbBroad304_14827,BRDN0001058343,BRD-K07881437-001-03-8
RET,train,ccsbBroad304_14827,BRDN0001058011,BRD-K07881437-001-03-8
TUBB4B,train,ccsbBroad304_02416,BRDN0001479766,BRD-K03601870-001-01-2
TUBB4B,train,ccsbBroad304_02416,BRDN0001480275,BRD-K52075715-001-06-7
GLRA3,train,ccsbBroad304_07194,BRDN0001486172,BRD-A91822151-001-05-0
GLRA3,train,ccsbBroad304_07194,BRDN0001485619,BRD-K36461289-001-05-8
PLA2G1B,train,ccsbBroad304_01213,BRDN0001487270,BRD-K21528677-001-04-4
PLA2G1B,train,ccsbBroad304_01213,BRDN0001487520,BRD-K10670311-001-17-1
DHH,train,ccsbBroad304_03155,BRDN0001481027,BRD-K51265828-001-01-0
DHH,train,ccsbBroad304_03155,BRDN0001485023,BRD-K50498985-001-03-3
USP1,train,ccsbBroad304_01760,BRDN0001487607,BRD-K93942811-001-01-3
USP1,train,ccsbBroad304_01760,BRDN0001484218,BRD-K81197548-003-01-4
FLT3,train,ccsbBroad304_14644,BRDN0001145324,BRD-K90747162-001-01-4
FLT3,train,ccsbBroad304_14644,BRDN0001149376,BRD-K91283740-003-01-6
IL1B,train,ccsbBroad304_00843,BRDN0001481686,BRD-K69122748-001-10-1
IL1B,train,ccsbBroad304_00843,BRDN0001481083,BRD-A69651145-003-11-4
TUBB,train,ccsbBroad304_05206,BRDN0001489809,BRD-K23363278-001-02-1
TUBB,train,ccsbBroad304_05206,BRDN0001488241,BRD-K23363278-001-02-1
HDAC6,train,ccsbBroad304_11445,BRDN0000582784,BRD-K36660044-001-24-2
HDAC6,train,ccsbBroad304_11445,BRDN0001057535,BRD-K11558771-001-13-9
ERBB2,train,ccsbBroad304_14631,BRDN0001148320,BRD-K76908866-001-07-6
ERBB2,train,ccsbBroad304_14631,BRDN0000579738,BRD-K61642990-001-01-0
KCNJ1,train,ccsbBroad304_00894,BRDN0001484642,BRD-K52960356-001-13-0
KCNJ1,train,ccsbBroad304_00894,BRDN0001485538,BRD-K72063794-003-01-0
UGT1A9,train,ccsbBroad304_03441,BRDN0001483238,BRD-K19227686-001-18-6
UGT1A9,train,ccsbBroad304_03441,BRDN0001483238,BRD-K98763141-001-30-8
FGF1,train,ccsbBroad304_00555,BRDN0001485228,BRD-K29530284-001-06-2
FGF1,train,ccsbBroad304_00555,BRDN0001487761,BRD-K74514084-003-09-2
DNMT3A,train,ccsbBroad304_00454,BRDN0001066838,BRD-K03406345-001-21-1
DNMT3A,train,ccsbBroad304_00454,BRDN0001066751,BRD-K03406345-001-21-1
GUCY1B1,train,ccsbBroad304_06343,BRDN0001479432,BRD-K60476892-001-16-1
GUCY1B1,train,ccsbBroad304_06343,BRDN0001479432,BRD-K84783599-001-01-0
MMP2,train,ccsbBroad304_06588,BRDN0001480861,BRD-K51662849-001-05-4
MMP2,train,ccsbBroad304_06588,BRDN0001485794,BRD-K82818427-001-04-8
CHEK2,train,ccsbBroad304_14989,BRDN0000585854,BRD-K86525559-001-07-8
CHEK2,train,ccsbBroad304_14989,BRDN0001145610,BRD-K86525559-001-07-8
PPAT,train,ccsbBroad304_06755,BRDN0001490325,BRD-K32821942-001-22-1
PPAT,train,ccsbBroad304_06755,BRDN0001481315,BRD-K83896451-001-06-7
ASIC1,train,ccsbBroad304_00008,BRDN0001485349,BRD-K97181089-003-24-7
ASIC1,train,ccsbBroad304_00008,BRDN0001480309,BRD-K06674495-334-04-0
GPR55,train,ccsbBroad304_02128,BRDN0001483314,BRD-K27539181-001-08-5
GPR55,train,ccsbBroad304_02128,BRDN0001482725,BRD-K42352790-001-05-3
BRD4,train,ccsbBroad304_11738,BRDN0000733514,BRD-K13094524-001-04-2
BRD4,train,ccsbBroad304_11738,BRDN0001146786,BRD-K12502280-001-11-4
AKT1,train,ccsbBroad304_14538,BRDN0001054985,BRD-K25412176-001-01-9
AKT1,train,ccsbBroad304_14538,BRDN0000562836,BRD-K25412176-001-01-9
PTGIS,train,ccsbBroad304_01334,BRDN0001489053,BRD-K64054020-001-02-7
PTGIS,train,ccsbBroad304_01334,BRDN0001487205,BRD-K10843433-001-23-5
CTSG,train,ccsbBroad304_00396,BRDN0001483527,BRD-K91188791-001-17-5
CTSG,train,ccsbBroad304_00396,BRDN0001489120,BRD-K59325863-001-04-4
PDE7A,train,ccsbBroad304_01161,BRDN0001487280,BRD-A00827783-001-24-6
PDE7A,train,ccsbBroad304_01161,BRDN0001480242,BRD-K84266862-001-03-2
CYP1A2,train,ccsbBroad304_00407,BRDN0001485385,BRD-K01825690-065-01-9
CYP1A2,train,ccsbBroad304_00407,BRDN0001487249,BRD-K63430059-001-16-4
P3H1,train,ccsbBroad304_03934,BRDN0001483208,BRD-A85242401-001-11-5
P3H1,train,ccsbBroad304_03934,BRDN0001488340,BRD-K01666412-001-02-0
CCR1,validate,ccsbBroad304_00331,BRDN0001485965,BRD-K91825936-001-03-9
CCR1,validate,ccsbBroad304_00331,BRDN0001480476,BRD-K68982262-001-01-4
KCNMA1,validate,ccsbBroad304_10934,BRDN0001484752,BRD-K94342292-001-01-3
KCNMA1,validate,ccsbBroad304_10934,BRDN0001481237,BRD-K56740996-001-02-1
TUBB3,validate,ccsbBroad304_02415,BRDN0001488082,BRD-K68164687-001-01-6
TUBB3,validate,ccsbBroad304_02415,BRDN0001481198,BRD-K00259736-001-16-4
TNNC1,validate,ccsbBroad304_01690,BRDN0001480594,BRD-A30815329-001-12-1
TNNC1,validate,ccsbBroad304_01690,BRDN0001483958,BRD-A91008255-003-24-8
RPL3,validate,ccsbBroad304_06874,BRDN0001484416,BRD-K36055864-001-20-0
RPL3,validate,ccsbBroad304_06874,BRDN0001484416,BRD-K76674262-001-03-3
PAK4,validate,ccsbBroad304_02392,BRDN0001145608,BRD-K37764012-001-03-3
PAK4,validate,ccsbBroad304_02392,BRDN0001147629,BRD-K37764012-001-03-3
BAX,validate,ccsbBroad304_00150,BRDN0000564018,BRD-K07442505-001-03-6
BAX,validate,ccsbBroad304_00150,BRDN0000563764,BRD-A18763547-300-06-3
DYRK1B,validate,ccsbBroad304_14931,BRDN0001149482,BRD-K89517477-001-01-4
DYRK1B,validate,ccsbBroad304_14931,BRDN0001149418,BRD-K80935598-001-01-1
MAPK14,validate,ccsbBroad304_00371,BRDN0001148417,BRD-K54330070-001-19-6
MAPK14,validate,ccsbBroad304_00371,BRDN0001148417,BRD-A37704979-001-12-3
RPL23A,validate,ccsbBroad304_06884,BRDN0001481176,BRD-K01824976-300-02-9
RPL23A,validate,ccsbBroad304_06884,BRDN0001484348,BRD-K91370081-001-25-1
RNASE1,validate,ccsbBroad304_01404,BRDN0001478949,BRD-K76037122-001-02-5
RNASE1,validate,ccsbBroad304_01404,BRDN0001479698,BRD-K76792669-001-08-1
PIK3CG,validate,ccsbBroad304_14762,BRDN0001065162,BRD-K42191735-001-08-7
PIK3CG,validate,ccsbBroad304_14762,BRDN0001065152,BRD-K42191735-001-08-7
HTR2C,validate,ccsbBroad304_00805,BRDN0001487609,BRD-K70778732-003-27-5
HTR2C,validate,ccsbBroad304_00805,BRDN0001479324,BRD-A99888680-001-05-3
IGF1R,validate,ccsbBroad304_14671,BRDN0001065819,BRD-K15179513-001-04-2
IGF1R,validate,ccsbBroad304_14671,BRDN0001065728,BRD-K24696047-001-02-3
AGER,validate,ccsbBroad304_00037,BRDN0000581508,BRD-K51899933-001-02-6
AGER,validate,ccsbBroad304_00037,BRDN0001490543,BRD-K87691185-001-01-2
AURKB,validate,ccsbBroad304_14932,BRDN0001054845,BRD-K21728777-001-02-3
AURKB,validate,ccsbBroad304_14932,BRDN0000562944,BRD-K55966568-001-09-6
CDK9,validate,ccsbBroad304_14579,BRDN0001162576,BRD-K20986415-001-02-6
CDK9,validate,ccsbBroad304_14579,BRDN0001480501,BRD-K14560436-001-01-4
ALK,validate,ccsbBroad304_14540,BRDN0001147509,BRD-A23124853-001-01-4
ALK,validate,ccsbBroad304_14540,BRDN0001147509,BRD-K22149900-001-06-2
PARP3,validate,ccsbBroad304_07535,BRDN0001480092,BRD-K24283677-001-01-9
PARP3,validate,ccsbBroad304_07535,BRDN0001484654,BRD-A63444178-001-01-5
GJB4,validate,ccsbBroad304_04829,BRDN0001486377,BRD-K09338665-001-08-9
GJB4,validate,ccsbBroad304_04829,BRDN0001488358,BRD-K44067360-001-29-5
HTR3A,validate,ccsbBroad304_10895,BRDN0001484377,BRD-K24616672-003-20-1
HTR3A,validate,ccsbBroad304_10895,BRDN0001480865,BRD-K70358946-001-17-3
PTPN2,validate,ccsbBroad304_01340,BRDN0001488235,BRD-A22713669-001-04-3
PTPN2,validate,ccsbBroad304_01340,BRDN0001488751,BRD-K68567222-001-01-2
ICAM1,validate,ccsbBroad304_00811,BRDN0000734502,BRD-K43236057-001-07-1
ICAM1,validate,ccsbBroad304_00811,BRDN0000734459,BRD-K77627880-001-04-0
S100B,validate,ccsbBroad304_06908,BRDN0001480465,BRD-K49223707-001-01-0
S100B,validate,ccsbBroad304_06908,BRDN0001480426,BRD-K67637637-003-11-8
MME,validate,ccsbBroad304_01020,BRDN0001484783,BRD-K91456750-001-01-9
MME,validate,ccsbBroad304_01020,BRDN0001488696,BRD-A08187463-001-12-9
PPARD,validate,ccsbBroad304_06754,BRDN0001065000,BRD-K75748943-300-01-3
PPARD,validate,ccsbBroad304_06754,BRDN0001065187,BRD-K03155172-001-03-0
MAPK8,validate,ccsbBroad304_01287,BRDN0001065508,BRD-K32730239-001-01-0
MAPK8,validate,ccsbBroad304_01287,BRDN0001065244,BRD-K45746021-003-01-9
CDC25A,validate,ccsbBroad304_00272,BRDN0001482005,BRD-K68143200-001-11-7
CDC25A,validate,ccsbBroad304_00272,BRDN0001485726,BRD-K03109492-001-02-2
TGFBR1,validate,ccsbBroad304_01666,BRDN0000735610,BRD-K47557313-001-02-7
TGFBR1,validate,ccsbBroad304_01666,BRDN0000735603,BRD-K40109029-001-02-9
FOXM1,validate,ccsbBroad304_00576,BRDN0001480412,BRD-K58049875-001-03-9
FOXM1,validate,ccsbBroad304_00576,BRDN0001485150,BRD-A20697603-001-07-2
ADRA2B,validate,ccsbBroad304_05785,BRDN0001481097,BRD-A65597028-003-08-1
ADRA2B,validate,ccsbBroad304_05785,BRDN0001482955,BRD-A72483914-001-03-7
CDK2,validate,ccsbBroad304_14572,BRDN0001147786,BRD-K50836978-001-03-3
CDK2,validate,ccsbBroad304_14572,BRDN0001148950,BRD-K07762753-001-05-1
PNLIP,test,ccsbBroad304_01230,BRDN0001484506,BRD-K30177383-001-01-0
PNLIP,test,ccsbBroad304_01230,BRDN0001480930,BRD-K94863486-001-02-2
CASP3,test,ccsbBroad304_00221,BRDN0001488073,BRD-A93477898-001-04-2
CASP3,test,ccsbBroad304_00221,BRDN0001484045,BRD-K61918008-001-07-1
CA14,test,ccsbBroad304_02813,BRDN0001489794,BRD-K23913458-001-20-7
CA14,test,ccsbBroad304_02813,BRDN0001487815,BRD-K09295674-001-09-8
PTK2B,test,ccsbBroad304_14635,BRDN0001052307,BRD-K78692225-001-24-5
PTK2B,test,ccsbBroad304_14635,BRDN0001148298,BRD-K93788137-001-04-1
PRKCE,test,ccsbBroad304_01283,BRDN0001483295,BRD-K16761703-001-03-8
PRKCE,test,ccsbBroad304_01283,BRDN0001488321,BRD-K93779381-001-01-9
TBXAS1,test,ccsbBroad304_01649,BRDN0001480267,BRD-K53061490-003-13-9
TBXAS1,test,ccsbBroad304_01649,BRDN0001486813,BRD-K01825660-322-01-9
KCNQ2,test,ccsbBroad304_00904,BRDN0001483003,BRD-K50720187-051-03-1
KCNQ2,test,ccsbBroad304_00904,BRDN0001489498,BRD-K50398167-236-22-7
CDK7,test,ccsbBroad304_00280,BRDN0001162216,BRD-K64800655-001-09-0
CDK7,test,ccsbBroad304_00280,BRDN0001147450,BRD-K64800655-001-09-0
CYP3A4,test,ccsbBroad304_00411,BRDN0001482043,BRD-K36740062-001-06-6
CYP3A4,test,ccsbBroad304_00411,BRDN0001481569,BRD-K97010173-001-04-1
EDNRB,test,ccsbBroad304_06138,BRDN0001486852,BRD-K98357249-001-02-9
EDNRB,test,ccsbBroad304_06138,BRDN0001489609,BRD-K02490038-236-03-8
PRKCB,test,ccsbBroad304_01282,BRDN0001144990,BRD-K97091514-001-11-4
PRKCB,test,ccsbBroad304_01282,BRDN0001148507,BRD-K32292990-001-03-6
S1PR4,test,ccsbBroad304_01991,BRDN0001480034,BRD-K69877120-001-01-7
S1PR4,test,ccsbBroad304_01991,BRDN0001484463,BRD-K80666802-003-01-0
KCTD16,test,ccsbBroad304_03827,BRDN0001489555,BRD-A24122750-001-03-7
KCTD16,test,ccsbBroad304_03827,BRDN0001484319,BRD-K01826724-003-07-9
S1PR1,test,ccsbBroad304_00476,BRDN0001487864,BRD-A43005764-003-01-5
S1PR1,test,ccsbBroad304_00476,BRDN0001487864,BRD-K46625559-001-01-8
CACNA2D3,test,ccsbBroad304_08590,BRDN0001481578,BRD-A22032524-074-09-9
CACNA2D3,test,ccsbBroad304_08590,BRDN0001485608,BRD-A84687895-001-03-2
PAK1,test,ccsbBroad304_01144,BRDN0001145958,BRD-K19333160-001-01-3
PAK1,test,ccsbBroad304_01144,BRDN0001147867,BRD-K28132190-001-02-0
AKR1B1,test,ccsbBroad304_00055,BRDN0001484659,BRD-K35498378-001-06-1
AKR1B1,test,ccsbBroad304_00055,BRDN0001480913,BRD-A89164055-001-03-3
PLK1,test,ccsbBroad304_14770,BRDN0001144995,BRD-K64890080-001-02-1
PLK1,test,ccsbBroad304_14770,BRDN0001054037,BRD-K64890080-001-02-1
IMPDH1,test,ccsbBroad304_06451,BRDN0001489452,BRD-K49350383-001-13-7
IMPDH1,test,ccsbBroad304_06451,BRDN0001488805,BRD-K49350383-001-13-7
SLC29A1,test,ccsbBroad304_00504,BRDN0001483817,BRD-K48722258-300-11-0
SLC29A1,test,ccsbBroad304_00504,BRDN0001482450,BRD-K60150510-001-15-6
ADH1C,test,ccsbBroad304_05777,BRDN0001483052,BRD-K56810756-003-07-7
ADH1C,test,ccsbBroad304_05777,BRDN0001479262,BRD-K55567017-001-12-3
BTK,test,ccsbBroad304_14554,BRDN0001149473,BRD-K87782578-001-01-4
BTK,test,ccsbBroad304_14554,BRDN0001144958,BRD-K64034691-001-01-9
GPR119,test,ccsbBroad304_04933,BRDN0001487003,BRD-K77087341-001-02-4
GPR119,test,ccsbBroad304_04933,BRDN0001484228,BRD-K48830578-001-01-9
GAA,test,ccsbBroad304_06237,BRDN0001487440,BRD-K20897876-001-11-8
GAA,test,ccsbBroad304_06237,BRDN0001486303,BRD-A63310107-001-04-8
HDAC3,test,ccsbBroad304_07311,BRDN0000582721,BRD-K61688984-001-02-9
HDAC3,test,ccsbBroad304_07311,BRDN0000733096,BRD-K61397605-001-01-8
HCK,test,ccsbBroad304_00733,BRDN0001147690,BRD-K47598052-001-14-1
HCK,test,ccsbBroad304_00733,BRDN0000585461,BRD-K81801188-001-02-8
HRH4,test,ccsbBroad304_03876,BRDN0001485022,BRD-K75390981-300-04-9
HRH4,test,ccsbBroad304_03876,BRDN0001486748,BRD-K70821460-300-02-4
ADORA2A,test,ccsbBroad304_05782,BRDN0001061130,BRD-K31170746-001-01-6
ADORA2A,test,ccsbBroad304_05782,BRDN0001061132,BRD-A10739734-003-09-8
PDE3A,test,ccsbBroad304_06701,BRDN0001054403,BRD-A07207424-001-14-0
PDE3A,test,ccsbBroad304_06701,BRDN0001054361,BRD-K67017579-001-28-1
HPGDS,test,ccsbBroad304_03026,BRDN0001485605,BRD-K57708067-001-01-3
HPGDS,test,ccsbBroad304_03026,BRDN0001488605,BRD-K17849083-001-32-9
ADA,test,ccsbBroad304_00023,BRDN0001486925,BRD-K66788707-001-14-3
ADA,test,ccsbBroad304_00023,BRDN0001479710,BRD-K91543828-001-02-0
ALDH2,test,ccsbBroad304_00049,BRDN0001479055,BRD-K06890060-001-09-1
ALDH2,test,ccsbBroad304_00049,BRDN0001486449,BRD-K60659193-001-01-0
