Modality,Cell,time,ap
compound,A549,short,-0.0016138742243215708
compound,A549,short,-0.0018953470557006497
compound,A549,short,0.10538729397118628
compound,A549,short,0.00899228543876567
compound,A549,short,0.03995241705039887
compound,A549,short,-0.0014479819397852185
compound,A549,short,0.340426677924151
compound,A549,short,0.1675622255411231
compound,A549,short,0.022178955415048614
compound,A549,short,0.018014918272439513
compound,A549,short,0.0043998646410164976
compound,A549,short,0.03695447307433753
compound,A549,short,0.013867417208529173
compound,A549,short,0.013867417208529173
compound,A549,short,0.025831286918431007
compound,A549,short,-0.00127959927140255
compound,A549,short,0.004709318864386999
compound,A549,short,0.00902233309574721
compound,A549,short,0.044097231051023957
compound,A549,short,0.005702054798609961
compound,A549,short,0.7434426229508196
compound,A549,short,0.09079382998152813
compound,A549,short,-6.277515984159671e-05
compound,A549,short,-0.001164621656424935
compound,A549,short,0.7434426229508196
compound,A549,short,0.007124650931643497
compound,A549,short,-0.0010508022590620717
compound,A549,short,-0.0010508022590620717
compound,A549,short,0.02999233055315885
compound,A549,short,-0.002832492326746552
compound,A549,short,-0.002832492326746552
compound,A549,short,0.2861805804023188
compound,A549,short,0.2861805804023188
compound,A549,short,0.5212204007285974
compound,A549,short,0.01992566897687645
compound,A549,short,0.02234047241318526
compound,A549,short,0.0011643006348862322
compound,A549,short,0.000731639066171665
compound,A549,short,0.008059683533690723
compound,A549,short,0.015544513741896663
compound,A549,short,0.02010928961748634
compound,A549,short,0.03614665565363816
compound,A549,short,0.02634996561021004
compound,A549,short,0.02634996561021004
compound,A549,short,0.02634996561021004
compound,A549,short,0.038447572262859914
compound,A549,short,0.12223050173869845
compound,A549,short,0.0051821685047856595
compound,A549,short,0.12223050173869845
compound,A549,short,0.0051821685047856595
compound,A549,short,0.0035783095674296462
compound,A549,short,0.07446114146933819
compound,A549,short,0.036548653909379746
compound,A549,short,0.040791051122837804
compound,A549,short,0.01604179220300332
compound,A549,short,-0.0032128954438291574
compound,A549,short,0.008951249027985773
compound,A549,short,-0.0032128954438291574
compound,A549,short,0.04436852998148191
compound,A549,short,0.03549439891975191
compound,A549,short,0.008636835854856922
compound,A549,short,0.11134385751872089
compound,A549,short,0.017395880654104433
compound,A549,short,0.040791051122837804
compound,A549,short,0.0010689611573351547
compound,A549,short,0.0010689611573351547
compound,A549,short,0.00584199589803432
compound,A549,short,0.02291713824279076
compound,A549,short,0.005274039684765169
compound,A549,short,-0.00288426396833155
compound,A549,short,-0.00288426396833155
compound,A549,short,-0.00288426396833155
compound,A549,short,-0.00288426396833155
compound,A549,short,-0.0028840608758641546
compound,A549,short,0.012333865888672779
compound,A549,short,0.05571368522188194
compound,A549,short,0.05571368522188194
compound,A549,short,0.23709992292585427
compound,A549,short,0.13262379328212603
compound,A549,short,0.031133320564504362
compound,A549,short,0.16507566651990538
compound,A549,short,-0.0005269722537446582
compound,A549,short,0.370951249589881
compound,A549,short,0.370951249589881
compound,A549,short,0.020606549641167097
compound,A549,short,0.0779578457367002
compound,A549,short,0.030545021475768964
compound,A549,short,0.030545021475768964
compound,A549,short,0.07385789331318245
compound,A549,short,0.030545021475768964
compound,A549,short,0.026769860615875843
compound,A549,short,0.0476754271836239
compound,A549,short,-0.0032460824645723653
compound,A549,short,0.044913211186113786
compound,A549,short,-0.0012663717581750372
compound,A549,short,-0.002669645672545971
compound,A549,short,0.0282398817162809
compound,A549,short,0.008048166660840994
compound,A549,short,0.00042559132064935593
compound,A549,short,-0.0003267268943815665
compound,A549,short,0.0006171466239366751
compound,A549,short,0.11503359579249298
compound,A549,short,0.2198000636923809
compound,A549,short,0.2198000636923809
compound,A549,short,0.0763380835605066
compound,A549,short,0.04113658990716359
compound,A549,short,0.11192990493312288
compound,A549,short,-0.0010735446422709977
compound,A549,short,-0.002027945994909136
compound,A549,short,0.002937128445325167
compound,A549,short,0.00344162027764157
compound,A549,short,0.00344162027764157
compound,A549,short,0.02219198337387231
compound,A549,short,0.00344162027764157
compound,A549,short,0.010726573568103623
compound,A549,short,0.4328068534915208
compound,A549,short,0.3479443196105711
compound,A549,short,0.015691426778570865
compound,A549,short,0.032619977251553835
compound,A549,short,0.006578326445760704
compound,A549,short,0.011340829535644631
compound,A549,short,-0.0029465157870735142
compound,A549,short,-0.0029465157870735142
compound,A549,short,-0.0021656335270020233
compound,A549,short,-0.0018766177739430543
compound,A549,short,0.07055301256120927
compound,A549,short,0.008312113750990831
compound,A549,short,0.004458604685979489
compound,A549,short,0.03547211177162128
compound,A549,short,0.0023064148712672915
compound,A549,short,0.00044117994937667047
compound,A549,short,0.011665588674098119
compound,A549,short,0.0652450820536141
compound,A549,short,0.011665588674098119
compound,A549,short,0.28510928961748633
compound,A549,short,-0.0021715797704767656
compound,A549,short,-0.0010327660423388916
compound,A549,short,0.0666749461831429
compound,A549,short,0.0666749461831429
compound,A549,short,0.0076931263736067556
compound,A549,short,0.005609450629317928
compound,A549,short,0.005609450629317928
compound,A549,short,0.00024996602582663734
compound,A549,short,0.005609450629317928
compound,A549,short,0.00024996602582663734
compound,A549,short,0.00024996602582663734
compound,A549,short,0.005609450629317928
compound,A549,short,0.00024996602582663734
compound,A549,short,0.00024996602582663734
compound,A549,short,0.00024996602582663734
compound,A549,short,0.00024996602582663734
compound,A549,short,0.005609450629317928
compound,A549,short,0.00024996602582663734
compound,A549,short,0.00024996602582663734
compound,A549,short,0.00024996602582663734
compound,A549,short,0.4101092896174864
compound,A549,short,0.21844262295081968
compound,A549,short,0.21844262295081968
compound,A549,short,0.21844262295081968
compound,A549,short,0.21844262295081968
compound,A549,short,0.21844262295081968
compound,A549,short,0.21844262295081968
compound,A549,short,0.21844262295081968
compound,A549,short,0.21844262295081968
compound,A549,short,0.21844262295081968
compound,A549,short,0.21844262295081968
compound,A549,short,0.21844262295081968
compound,A549,short,0.21844262295081968
compound,A549,short,0.21844262295081968
compound,A549,short,0.21844262295081968
compound,A549,short,0.21844262295081968
compound,A549,short,0.21844262295081968
compound,A549,short,0.21844262295081968
compound,A549,short,0.21844262295081968
compound,A549,short,0.21844262295081968
compound,A549,short,0.21844262295081968
compound,A549,short,0.21844262295081968
compound,A549,short,0.014069488093956889
compound,A549,short,0.002126771618507443
compound,A549,short,0.0005101076133963594
compound,A549,short,0.008583320708344031
compound,A549,short,0.026471078235372515
compound,A549,short,-0.0015448457208595257
compound,A549,short,0.0012002416350104569
compound,A549,short,-0.000990825836909175
compound,A549,short,0.007792035472432089
compound,A549,short,-0.000990825836909175
compound,A549,short,0.034493526070688306
compound,A549,short,0.038903566603266784
compound,A549,short,0.001154328322623566
compound,A549,short,0.001154328322623566
compound,A549,short,0.001154328322623566
compound,A549,short,-0.0001259104266309024
compound,A549,short,0.04225214676034348
compound,A549,short,0.0010356157843994696
compound,A549,short,0.0010356157843994696
compound,A549,short,0.0016261179071662662
compound,A549,short,0.0063476894523848
compound,A549,short,0.0030203041001863663
compound,A549,short,0.019317201138173187
compound,A549,short,0.006411163780806285
compound,A549,short,0.019767256799147127
compound,A549,short,0.011489412835872662
compound,A549,short,0.007865699873896594
compound,A549,short,0.9934426229508196
compound,A549,short,0.4934426229508197
compound,A549,short,0.02221606037346154
compound,A549,short,0.02909358166563908
compound,A549,short,0.009467744302414703
compound,A549,short,0.01641006477003352
compound,A549,short,0.01872997927265875
compound,A549,short,0.022989704626347942
compound,A549,short,0.013309824707191881
compound,A549,short,0.017550917932573778
compound,A549,short,0.03916084689943111
compound,A549,short,0.01641006477003352
compound,A549,short,0.01641006477003352
compound,A549,short,0.015487196594230524
compound,A549,short,0.15235056206862785
compound,A549,short,0.002937128445325167
compound,A549,short,-0.0032460824645723653
compound,A549,short,0.008282500027309627
compound,A549,short,0.002609704417552707
compound,A549,short,-0.0005206506177170543
compound,A549,short,0.089275956284153
compound,A549,short,0.176775956284153
compound,A549,short,0.00536779826590219
compound,A549,short,0.04407102018418733
compound,A549,short,0.00536779826590219
compound,A549,short,0.011185980111492183
compound,A549,short,-0.0019959953652011445
compound,A549,short,0.014784429980951126
compound,A549,short,0.005171018012548067
compound,A549,short,0.0034676856074612765
compound,A549,short,0.005171018012548067
compound,A549,short,0.01571493815010903
compound,A549,short,0.005171018012548067
compound,A549,short,0.011669642314702078
compound,A549,short,0.011669642314702078
compound,A549,short,-0.00017361975469121533
compound,A549,short,0.005927929528341807
compound,A549,short,-0.0025010639509765783
compound,A549,short,0.04579305030124702
compound,A549,short,-0.002832492326746552
compound,A549,short,-0.002832492326746552
compound,A549,short,-0.002832492326746552
compound,A549,short,0.0031144481910047993
compound,A549,short,0.04579305030124702
compound,A549,short,0.0031144481910047993
compound,A549,short,0.13236726978111768
compound,A549,short,0.7434426229508196
compound,A549,short,0.7434426229508196
compound,A549,short,0.7434426229508196
compound,A549,short,0.7434426229508196
compound,A549,short,0.14520838495063726
compound,A549,short,0.14520838495063726
compound,A549,short,0.14520838495063726
compound,A549,short,0.058543678241176886
compound,A549,short,0.00650350678079019
compound,A549,short,0.010722030329742473
compound,A549,short,0.04981517197042751
compound,A549,short,-0.0006169262494232719
compound,A549,short,-0.002659185082186031
compound,A549,short,0.0666749461831429
compound,A549,short,0.0666749461831429
compound,A549,short,0.0666749461831429
compound,A549,short,0.05281531655404488
compound,A549,short,0.025582148871326968
compound,A549,short,0.12376501736573066
compound,A549,short,0.00899228543876567
compound,A549,short,0.00899228543876567
compound,A549,short,0.0033740061216394625
compound,A549,short,0.003013973014933978
compound,A549,short,0.003013973014933978
compound,A549,short,0.04932090333677845
compound,A549,short,0.04894616518084641
compound,A549,short,0.06509585444709604
compound,A549,short,0.05870067288100064
compound,A549,short,0.03073357501155639
compound,A549,short,0.006068885577082299
compound,A549,short,0.013174330446342373
compound,A549,short,-0.0030149554572772913
compound,A549,short,0.11149817850637522
compound,A549,short,0.11149817850637522
compound,A549,short,0.11149817850637522
compound,A549,short,0.001914244760888003
compound,A549,short,0.27724979737779054
compound,A549,short,0.7434426229508196
compound,A549,short,-0.0014627439146197886
compound,A549,short,0.9378870673952641
compound,A549,short,0.12951000494022394
compound,A549,short,0.01817761692739145
compound,A549,short,0.0666749461831429
compound,A549,short,0.0666749461831429
compound,A549,short,0.01595213586247039
compound,A549,short,-0.0004778441938325562
compound,A549,short,0.011829937390765691
compound,A549,short,0.01595213586247039
compound,A549,short,0.04088635855245001
compound,A549,short,0.00017853876321194265
compound,A549,short,0.00017853876321194265
compound,A549,short,0.00017853876321194265
compound,A549,short,0.00017853876321194265
compound,A549,short,0.0027217706439204535
compound,A549,short,-0.0011868382903715076
compound,A549,short,0.007937260073852731
compound,A549,short,0.02324654451944712
compound,A549,short,0.009158588001887997
compound,A549,short,0.04979763397020409
compound,A549,short,0.04979763397020409
compound,A549,short,0.04979763397020409
compound,A549,short,0.03461859466161861
compound,A549,short,0.0016401391920981931
compound,A549,short,0.012887067395264119
compound,A549,short,0.012887067395264119
compound,A549,short,0.0689282635408352
compound,A549,short,0.05766863821548444
compound,A549,short,0.029553734061930785
compound,A549,short,0.06344262295081968
compound,A549,short,0.06344262295081968
compound,A549,short,0.007646144674921177
compound,A549,short,0.0005830933200525274
compound,A549,short,0.005803909648389555
compound,A549,short,0.07357082807902479
compound,A549,short,0.024441012644861537
compound,A549,short,0.18510928961748635
compound,A549,short,0.018366635108874384
compound,A549,short,0.02090530951798385
compound,A549,short,0.02090530951798385
compound,A549,short,0.028438621265808737
compound,A549,short,0.02229388410283676
compound,A549,short,0.007255005892495209
compound,A549,short,0.007255005892495209
compound,A549,short,0.006692886201082923
compound,A549,short,0.004256576439191765
compound,A549,short,0.03699979173484871
compound,A549,short,0.001076003650595023
compound,A549,short,-0.002504542526249817
compound,A549,short,0.012289502786486238
compound,A549,short,0.012746150650625539
compound,A549,short,-0.0031900301104048176
compound,A549,short,0.027602144406702594
compound,A549,short,0.02873834196856484
compound,A549,short,-0.001654355922927534
compound,A549,short,0.4101092896174864
compound,A549,short,0.4101092896174864
compound,A549,short,0.4101092896174864
compound,A549,short,0.012773297567765752
compound,A549,short,0.013058007566204288
compound,A549,short,0.01736690993777188
compound,A549,short,0.009460929586975277
compound,A549,short,0.019875010092141508
compound,A549,short,0.28510928961748633
compound,A549,short,0.034207588580510706
compound,A549,short,0.6601092896174863
compound,A549,short,0.6601092896174863
compound,A549,short,0.6601092896174863
compound,A549,short,0.6601092896174863
compound,A549,short,0.6601092896174863
compound,A549,short,0.6601092896174863
compound,A549,short,0.6601092896174863
compound,A549,short,0.6601092896174863
compound,A549,short,0.5234639904721871
compound,A549,short,0.6601092896174863
compound,A549,short,0.6601092896174863
compound,A549,short,0.06509585444709604
compound,A549,short,0.9934426229508196
compound,A549,short,0.9934426229508196
compound,A549,short,0.6601092896174863
compound,A549,short,-0.0018037134692108952
compound,A549,short,-0.0018037134692108952
compound,A549,short,0.005888510396707118
compound,A549,short,0.1030580075662043
compound,A549,short,-0.0020891818417923813
compound,A549,short,-0.001493793826946711
compound,A549,short,0.0052028795910475335
compound,A549,short,0.0052028795910475335
compound,A549,short,0.0052028795910475335
compound,A549,short,0.0052028795910475335
compound,A549,short,0.06509585444709604
compound,A549,short,-0.0006348575397042968
compound,A549,short,-0.0013579773922335011
compound,A549,short,-0.002827277857715795
compound,A549,short,-0.0003119011759895428
compound,A549,short,0.010269546027742748
compound,A549,short,0.010269546027742748
compound,A549,short,-0.00284498135308898
compound,A549,short,0.002937128445325167
compound,A549,short,0.6601092896174863
compound,A549,short,0.09073213829734668
compound,A549,short,0.009324975891996143
compound,A549,short,0.009324975891996143
compound,A549,short,0.009324975891996143
compound,A549,short,0.009324975891996143
compound,A549,short,0.004605210494433591
compound,A549,short,-0.002995106796663369
compound,A549,short,0.010250532555339446
compound,A549,short,-0.0012919097389565456
compound,A549,short,0.0011582000597605356
compound,A549,short,0.02324654451944712
compound,A549,short,0.06761844712664385
compound,A549,short,0.44344262295081965
compound,A549,short,0.44344262295081965
compound,A549,short,0.44344262295081965
compound,A549,short,0.44344262295081965
compound,A549,short,0.5934426229508196
compound,A549,short,0.5934426229508196
compound,A549,short,0.44344262295081965
compound,A549,short,0.8576092896174863
compound,A549,short,0.44344262295081965
compound,A549,short,0.5934426229508196
compound,A549,short,0.5934426229508196
compound,A549,short,0.44344262295081965
compound,A549,short,0.44344262295081965
compound,A549,short,0.7281648451730418
compound,A549,short,0.5934426229508196
compound,A549,short,0.5934426229508196
compound,A549,short,0.00536779826590219
compound,A549,short,0.23153786104605778
compound,A549,short,0.0030928585434256885
compound,A549,short,-0.0008308203515849672
crispr,A549,long,0.027569202523302895
crispr,A549,long,0.00430981108898729
crispr,A549,long,0.03344298245614035
crispr,A549,long,0.012218045112781954
crispr,A549,long,0.03621669915529565
crispr,A549,long,0.0027631578947368424
crispr,A549,long,0.09767206477732794
crispr,A549,long,0.00025622503808281913
crispr,A549,long,0.0036193582246213827
crispr,A549,long,0.0016481329232048612
crispr,A549,long,0.009968102073365232
crispr,A549,long,0.7467105263157895
crispr,A549,long,0.5194377990430622
crispr,A549,long,0.0008077970182262279
crispr,A549,long,0.015618089340999557
crispr,A549,long,0.0017477744533825942
crispr,A549,long,0.001506771737034895
crispr,A549,long,0.9967105263157895
crispr,A549,long,0.005646719230855629
crispr,A549,long,0.00632591093117409
crispr,A549,long,0.5467105263157895
crispr,A549,long,0.003330319909802878
crispr,A549,long,0.0017348415202356826
crispr,A549,long,0.001565819537419329
crispr,A549,long,0.0019434725178986718
crispr,A549,long,0.0819377990430622
crispr,A549,long,0.0019067906230712658
crispr,A549,long,0.0019349740170324851
crispr,A549,long,0.005575774542739828
crispr,A549,long,0.001788569046231989
crispr,A549,long,0.047901002506265666
crispr,A549,long,0.9967105263157895
crispr,A549,long,0.9967105263157895
crispr,A549,long,0.10440283400809716
crispr,A549,long,0.0011675443820987849
crispr,A549,long,0.6633771929824561
crispr,A549,long,0.011826306761758599
crispr,A549,long,0.0016876217720232238
crispr,A549,long,0.01562860011191205
crispr,A549,long,0.18189571150097467
crispr,A549,long,0.010589592793865853
crispr,A549,long,0.013272820317107865
crispr,A549,long,0.00112907860668219
crispr,A549,long,0.03618421052631579
crispr,A549,long,0.025848055453318614
crispr,A549,long,0.006799663351738147
crispr,A549,long,0.030122291021671826
crispr,A549,long,0.029454809060072223
crispr,A549,long,0.014463185890257559
crispr,A549,long,0.0016163347930265224
crispr,A549,long,0.009318454102288688
crispr,A549,long,0.002108413100537572
crispr,A549,long,0.02679074021953279
crispr,A549,long,0.006572206643658327
crispr,A549,long,0.017238981600342318
crispr,A549,long,0.1300438596491228
crispr,A549,long,0.0023468801220178476
crispr,A549,long,0.0214358010410642
crispr,A549,long,0.0008997155049786632
crispr,A549,long,0.0010335888741461498
crispr,A549,long,0.010524340129603288
crispr,A549,long,0.014285714285714285
crispr,A549,long,0.0167703123447385
crispr,A549,long,0.005412253958065896
crispr,A549,long,0.0008771929824561405
crispr,A549,long,0.025997453310696094
crispr,A549,long,0.0007962006600845078
crispr,A549,long,0.006361261609907121
crispr,A549,long,0.5467105263157895
crispr,A549,long,0.0017245133244661603
crispr,A549,long,0.016812536516809577
crispr,A549,long,0.01554554549960531
crispr,A549,long,0.008548133153396312
crispr,A549,long,0.006013053141680785
crispr,A549,long,0.07921052631578948
crispr,A549,long,0.004722628512113991
crispr,A549,long,0.0013417331976564358
crispr,A549,long,0.008843348793439537
crispr,A549,long,0.002749475752987973
crispr,A549,long,0.003051013889111957
crispr,A549,long,0.008521038969910175
crispr,A549,long,0.04804981203007519
crispr,A549,long,0.0011044860602106802
crispr,A549,long,0.011364481118049361
crispr,A549,long,0.0022106430291414813
crispr,A549,long,0.1444377990430622
crispr,A549,long,0.007309860389041416
crispr,A549,long,0.008667048054919909
crispr,A549,long,0.006228500171998625
crispr,A549,long,0.006388697957580519
crispr,A549,long,0.01659795595931668
crispr,A549,long,0.0012985511500523384
crispr,A549,long,0.0022685582988507093
crispr,A549,long,0.5300438596491228
crispr,A549,long,0.030647177899499882
crispr,A549,long,0.014329573934837093
crispr,A549,long,0.0016597193821373517
crispr,A549,long,0.016971964224286207
crispr,A549,long,0.09671052631578948
crispr,A549,long,0.008540363145626303
crispr,A549,long,0.024907247627264883
crispr,A549,long,0.0012742685844497753
crispr,A549,long,0.12612229102167183
crispr,A549,long,0.002838185890257559
crispr,A549,long,0.05451833412359728
crispr,A549,long,0.016551796157059314
crispr,A549,long,0.0017813512175868789
crispr,A549,long,0.004231023912622948
crispr,A549,long,0.0283344579397211
crispr,A549,long,0.0001254447307078889
crispr,A549,long,0.005494505494505495
crispr,A549,long,0.00018879770564622948
crispr,A549,long,0.6633771929824561
crispr,A549,long,0.004947317315588577
crispr,A549,long,0.0006869164990762088
crispr,A549,long,0.006410620036501751
crispr,A549,long,0.9967105263157895
crispr,A549,long,0.022839558573853988
crispr,A549,long,0.020403336773305813
crispr,A549,long,0.23480576441102757
crispr,A549,long,0.01710574023892218
crispr,A549,long,0.0022817061738315252
crispr,A549,long,0.21337719298245614
crispr,A549,long,0.00033757145673171717
crispr,A549,long,0.011293859649122807
crispr,A549,long,0.5681390977443609
crispr,A549,long,0.6633771929824561
crispr,A549,long,0.0008787557133141085
crispr,A549,long,0.0006203280979316817
crispr,A549,long,0.1574248120300752
crispr,A549,long,0.002279240013415369
crispr,A549,long,0.000809691755161099
crispr,A549,long,0.03769731730258046
crispr,A549,long,0.34671052631578947
crispr,A549,long,0.003605711574358921
crispr,A549,long,0.003279897341607293
crispr,A549,long,0.011020871143375681
crispr,A549,long,0.0002873646961563225
crispr,A549,long,0.0842681300024254
crispr,A549,long,0.04535306025244106
crispr,A549,long,0.0029803235270359227
crispr,A549,long,0.00266093953892997
crispr,A549,long,0.00141559136568211
crispr,A549,long,0.005085561066971014
crispr,A549,long,0.00038085657816757843
crispr,A549,short,0.005603806948200541
crispr,A549,short,0.006431423262354359
crispr,A549,short,0.01209514170040486
crispr,A549,short,0.024138016858034118
crispr,A549,short,0.008548576189703736
crispr,A549,short,0.005371435587181175
crispr,A549,short,0.26337719298245615
crispr,A549,short,0.0010936136130375149
crispr,A549,short,0.008446717156457926
crispr,A549,short,0.0015355623908255489
crispr,A549,short,0.008786766676621715
crispr,A549,short,0.023496240601503758
crispr,A549,short,0.34671052631578947
crispr,A549,short,0.004947012081862616
crispr,A549,short,0.020107962213225375
crispr,A549,short,0.004334818156738274
crispr,A549,short,0.00149656235182551
crispr,A549,short,0.7467105263157895
crispr,A549,short,0.0034806040600888445
crispr,A549,short,0.032821637426900585
crispr,A549,short,0.07855576441102756
crispr,A549,short,0.0040515152518704346
crispr,A549,short,0.0013829215896885073
crispr,A549,short,0.025437234390323638
crispr,A549,short,0.027540565841481172
crispr,A549,short,0.24671052631578946
crispr,A549,short,0.0008859625300606394
crispr,A549,short,0.0005066998880824492
crispr,A549,short,0.006692211297474455
crispr,A549,short,0.003874824894936962
crispr,A549,short,0.011579271188636069
crispr,A549,short,0.9967105263157895
crispr,A549,short,0.9967105263157895
crispr,A549,short,0.023084152689415847
crispr,A549,short,0.004937278247577377
crispr,A549,short,0.025678780284043443
crispr,A549,short,0.006485464328377686
crispr,A549,short,0.004223592517880066
crispr,A549,short,0.012835397316821465
crispr,A549,short,0.01357854546327067
crispr,A549,short,0.015703878642475133
crispr,A549,short,0.004305105649499243
crispr,A549,short,0.0009309478248345033
crispr,A549,short,0.03559941520467837
crispr,A549,short,0.012014903880768955
crispr,A549,short,0.002504380349080127
crispr,A549,short,0.16337719298245612
crispr,A549,short,0.021234335839598998
crispr,A549,short,0.01187845697667788
crispr,A549,short,0.0003269397685878117
crispr,A549,short,0.007250289969574207
crispr,A549,short,0.0006794543963417265
crispr,A549,short,0.03421052631578947
crispr,A549,short,0.007453406623887174
crispr,A549,short,0.013956988579940417
crispr,A549,short,0.015907043236430676
crispr,A549,short,0.0021727111897390534
crispr,A549,short,0.0016916920572644938
crispr,A549,short,0.03522403982930299
crispr,A549,short,0.0012776757562108034
crispr,A549,short,0.00822861987271798
crispr,A549,short,0.007043859649122807
crispr,A549,short,0.006988304093567252
crispr,A549,short,0.0030827787860455737
crispr,A549,short,7.940108892921967e-05
crispr,A549,short,0.010871365476628635
crispr,A549,short,0.007198054660460675
crispr,A549,short,0.007688278072229755
crispr,A549,short,0.08837719298245614
crispr,A549,short,0.005142280851281986
crispr,A549,short,0.00522700983227299
crispr,A549,short,0.009839256068560148
crispr,A549,short,0.021198282437728505
crispr,A549,short,0.0006928901331696472
crispr,A549,short,0.041353383458646614
crispr,A549,short,0.2551851025869759
crispr,A549,short,0.0016670232491798605
crispr,A549,short,0.007404290946561979
crispr,A549,short,0.005936273246454437
crispr,A549,short,0.0054915745705219395
crispr,A549,short,0.0026380746400837306
crispr,A549,short,0.021496328029375764
crispr,A549,short,0.001255980861244019
crispr,A549,short,0.04115497076023392
crispr,A549,short,0.0010273675788376848
crispr,A549,short,0.030520050125313284
crispr,A549,short,0.012772132476405535
crispr,A549,short,0.0017871916939623898
crispr,A549,short,0.004339261217251648
crispr,A549,short,0.00482740943267259
crispr,A549,short,0.023559841384282625
crispr,A549,short,0.0008609001924444783
crispr,A549,short,0.008471833677955206
crispr,A549,short,0.3300438596491228
crispr,A549,short,0.005552203053910458
crispr,A549,short,0.0019083969465648854
crispr,A549,short,0.00023335050832108662
crispr,A549,short,0.007633949739212898
crispr,A549,short,0.05890564826700899
crispr,A549,short,0.01320244418385413
crispr,A549,short,0.03538155028093109
crispr,A549,short,0.02538699690402477
crispr,A549,short,0.10782163742690057
crispr,A549,short,0.013804543409806568
crispr,A549,short,0.04049583705025275
crispr,A549,short,0.035050862450243254
crispr,A549,short,0.00682295643952542
crispr,A549,short,0.01470503181029497
crispr,A549,short,0.0029010025062656646
crispr,A549,short,0.0012628332146667701
crispr,A549,short,0.003753129103073112
crispr,A549,short,0.0017793594306049821
crispr,A549,short,0.7467105263157895
crispr,A549,short,0.0037905928399044656
crispr,A549,short,0.00623940889154705
crispr,A549,short,0.0011675451515386404
crispr,A549,short,0.6633771929824561
crispr,A549,short,0.013579744527289566
crispr,A549,short,0.01053628389154705
crispr,A549,short,0.1050438596491228
crispr,A549,short,0.06642206477732794
crispr,A549,short,0.0030158953375114704
crispr,A549,short,0.010269547939327228
crispr,A549,short,0.0012093185863208747
crispr,A549,short,0.0002503604134763645
crispr,A549,short,0.1306390977443609
crispr,A549,short,0.7467105263157895
crispr,A549,short,0.0025226966016439704
crispr,A549,short,0.0018662502215133793
crispr,A549,short,0.019166052708323743
crispr,A549,short,0.0052326226959804574
crispr,A549,short,7.19563076542484e-05
crispr,A549,short,0.025111886860007163
crispr,A549,short,0.10277113237639553
crispr,A549,short,0.00519481265363321
crispr,A549,short,0.0025799793601651187
crispr,A549,short,0.0021755337493008444
crispr,A549,short,0.001015222347824421
crispr,A549,short,0.010981781376518219
crispr,A549,short,0.515229044834308
crispr,A549,short,0.0025348990756461046
crispr,A549,short,0.011362540967804126
crispr,A549,short,0.00496855844430353
crispr,A549,short,0.0034982716836118918
crispr,A549,short,0.0010259477364740525
compound,A549,long,0.00010430618008710688
compound,A549,long,-0.0028108784497405523
compound,A549,long,0.043152099800618016
compound,A549,long,0.003997441695293589
compound,A549,long,0.07419344505890951
compound,A549,long,-0.0011079806306209133
compound,A549,long,0.03422993222615289
compound,A549,long,0.018706139035086115
compound,A549,long,0.029926389031868585
compound,A549,long,0.03616256044519884
compound,A549,long,0.04716926354186704
compound,A549,long,0.047278582062867947
compound,A549,long,0.03617526981700535
compound,A549,long,0.03617526981700535
compound,A549,long,0.010708604685979489
compound,A549,long,0.0007710885365600352
compound,A549,long,0.006468235510579903
compound,A549,long,0.015372447512223178
compound,A549,long,0.040490309012036506
compound,A549,long,0.007513568439548692
compound,A549,long,0.3434426229508197
compound,A549,long,0.041000699000063
compound,A549,long,-0.0027600359058145485
compound,A549,long,0.017685047193243913
compound,A549,long,0.9934426229508196
compound,A549,long,0.016273412763019506
compound,A549,long,0.009575785562855522
compound,A549,long,0.009575785562855522
compound,A549,long,0.04803319367042265
compound,A549,long,-0.0004746072755843268
compound,A549,long,-0.0004746072755843268
compound,A549,long,0.16676426046857293
compound,A549,long,0.16676426046857293
compound,A549,long,0.3173242968324936
compound,A549,long,0.025613598751117423
compound,A549,long,0.042053734061930775
compound,A549,long,-0.0007149857448325017
compound,A549,long,0.004657253730667843
compound,A549,long,0.02183051285797366
compound,A549,long,0.01220549499526235
compound,A549,long,0.033038896242745135
compound,A549,long,0.13592282500863914
compound,A549,long,0.17184818630525606
compound,A549,long,0.17184818630525606
compound,A549,long,0.17184818630525606
compound,A549,long,0.21493626244376407
compound,A549,long,0.9934426229508196
compound,A549,long,0.004293625503747679
compound,A549,long,0.9934426229508196
compound,A549,long,0.004293625503747679
compound,A549,long,0.004155540201267189
compound,A549,long,0.031310785643666794
compound,A549,long,0.03476462646390994
compound,A549,long,0.02583260635204581
compound,A549,long,0.008139052318389036
compound,A549,long,-0.0026262679975893486
compound,A549,long,0.008282354911233093
compound,A549,long,-0.0026262679975893486
compound,A549,long,0.040304108492684204
compound,A549,long,0.03869337382298158
compound,A549,long,0.0031813052341331765
compound,A549,long,0.07083090170963557
compound,A549,long,0.012634376982979796
compound,A549,long,0.02583260635204581
compound,A549,long,-0.0019313086731119517
compound,A549,long,-0.0019313086731119517
compound,A549,long,0.00823124101278264
compound,A549,long,0.018515086406466787
compound,A549,long,0.009557734877257229
compound,A549,long,-0.00029777643474100364
compound,A549,long,-0.00029777643474100364
compound,A549,long,-0.00029777643474100364
compound,A549,long,-0.00029777643474100364
compound,A549,long,0.00023172356759220292
compound,A549,long,0.02204763862480086
compound,A549,long,0.4101092896174864
compound,A549,long,0.4101092896174864
compound,A549,long,0.20175041971691327
compound,A549,long,0.12143012027696594
compound,A549,long,0.0261527493964029
compound,A549,long,0.19017177563358578
compound,A549,long,-0.002934141079373961
compound,A549,long,0.24675042625862298
compound,A549,long,0.24675042625862298
compound,A549,long,0.02335112846754574
compound,A549,long,0.06004825310990332
compound,A549,long,0.04516139741825006
compound,A549,long,0.04516139741825006
compound,A549,long,0.03916060353655424
compound,A549,long,0.04516139741825006
compound,A549,long,0.013491850464551867
compound,A549,long,0.025145521501544307
compound,A549,long,-0.003245973540408398
compound,A549,long,0.003771736874870305
compound,A549,long,0.00047836158165032736
compound,A549,long,-0.0029404807901217654
compound,A549,long,0.027436714295466427
compound,A549,long,0.008312113750990831
compound,A549,long,0.002411406923486235
compound,A549,long,0.014504492191714801
compound,A549,long,0.0025318298943827334
compound,A549,long,0.044820093765168344
compound,A549,long,0.08239191516382001
compound,A549,long,0.08239191516382001
compound,A549,long,0.031118258607598683
compound,A549,long,0.04433410548284852
compound,A549,long,0.04508211910893627
compound,A549,long,-0.0010781209690658784
compound,A549,long,-0.0011232033797125406
compound,A549,long,0.004986634494831216
compound,A549,long,0.0063413343864060666
compound,A549,long,0.0063413343864060666
compound,A549,long,0.05977472854654102
compound,A549,long,0.0063413343864060666
compound,A549,long,0.015538582546779266
compound,A549,long,0.03519527711041822
compound,A549,long,0.03385807300869907
compound,A549,long,0.028802424439653418
compound,A549,long,0.019021365320039674
compound,A549,long,0.014933803766601838
compound,A549,long,0.008853451188233805
compound,A549,long,-0.0030486051193557664
compound,A549,long,-0.0030486051193557664
compound,A549,long,-0.0026593735507787356
compound,A549,long,0.019705920823160097
compound,A549,long,0.015859776946921034
compound,A549,long,-0.0008611134119389931
compound,A549,long,-0.002198886483142592
compound,A549,long,0.014666230782815884
compound,A549,long,0.0012280285198569265
compound,A549,long,0.0014544364483689998
compound,A549,long,0.0110627642379702
compound,A549,long,0.07523262413714182
compound,A549,long,0.0110627642379702
compound,A549,long,0.010253760329332937
compound,A549,long,0.0020142547618881034
compound,A549,long,-0.0013009216342183961
compound,A549,long,0.22260928961748633
compound,A549,long,0.22260928961748633
compound,A549,long,0.06763857527232868
compound,A549,long,0.009905563211733685
compound,A549,long,0.009905563211733685
compound,A549,long,0.000721880820134246
compound,A549,long,0.009905563211733685
compound,A549,long,0.000721880820134246
compound,A549,long,0.000721880820134246
compound,A549,long,0.009905563211733685
compound,A549,long,0.000721880820134246
compound,A549,long,0.000721880820134246
compound,A549,long,0.000721880820134246
compound,A549,long,0.000721880820134246
compound,A549,long,0.009905563211733685
compound,A549,long,0.000721880820134246
compound,A549,long,0.000721880820134246
compound,A549,long,0.000721880820134246
compound,A549,long,0.057415686923883644
compound,A549,long,0.7434426229508196
compound,A549,long,0.7434426229508196
compound,A549,long,0.7434426229508196
compound,A549,long,0.7434426229508196
compound,A549,long,0.7434426229508196
compound,A549,long,0.7434426229508196
compound,A549,long,0.7434426229508196
compound,A549,long,0.7434426229508196
compound,A549,long,0.7434426229508196
compound,A549,long,0.7434426229508196
compound,A549,long,0.7434426229508196
compound,A549,long,0.7434426229508196
compound,A549,long,0.7434426229508196
compound,A549,long,0.7434426229508196
compound,A549,long,0.7434426229508196
compound,A549,long,0.7434426229508196
compound,A549,long,0.7434426229508196
compound,A549,long,0.7434426229508196
compound,A549,long,0.7434426229508196
compound,A549,long,0.7434426229508196
compound,A549,long,0.7434426229508196
compound,A549,long,0.057343515934414835
compound,A549,long,0.0013165004748589692
compound,A549,long,-0.0015325026710397813
compound,A549,long,0.10387912290407543
compound,A549,long,0.0026380252496702467
compound,A549,long,-0.001547680863013553
compound,A549,long,0.002518537561871008
compound,A549,long,0.012332480550354692
compound,A549,long,0.01267051256548759
compound,A549,long,0.012332480550354692
compound,A549,long,0.12122040072859745
compound,A549,long,0.03167857254233901
compound,A549,long,-0.0026032635207982324
compound,A549,long,-0.0026032635207982324
compound,A549,long,-0.0026032635207982324
compound,A549,long,0.015736995245191968
compound,A549,long,0.0019184064266031479
compound,A549,long,-0.0006750241080038574
compound,A549,long,-0.0006750241080038574
compound,A549,long,0.0022976469869341303
compound,A549,long,0.02574618641363903
compound,A549,long,0.0010443787819927354
compound,A549,long,0.03977891336944404
compound,A549,long,0.0058040254081166455
compound,A549,long,0.01670488675781483
compound,A549,long,0.00986865259095447
compound,A549,long,0.0010133012388965522
compound,A549,long,0.9934426229508196
compound,A549,long,0.7434426229508196
compound,A549,long,0.03243568302041287
compound,A549,long,0.06943510893901281
compound,A549,long,0.012870535830880117
compound,A549,long,0.02114254113226081
compound,A549,long,0.028530342249065282
compound,A549,long,0.034136918795568884
compound,A549,long,0.04050427602200698
compound,A549,long,0.010616466462668518
compound,A549,long,0.06291093224537914
compound,A549,long,0.02114254113226081
compound,A549,long,0.02114254113226081
compound,A549,long,0.0073894920210284005
compound,A549,long,0.2332880937534191
compound,A549,long,0.004986634494831216
compound,A549,long,-0.003245973540408398
compound,A549,long,0.007004598599424799
compound,A549,long,-0.0008085416839310466
compound,A549,long,0.0027548197630164846
compound,A549,long,0.5388971684053652
compound,A549,long,0.051134930643127366
compound,A549,long,0.0029724500405096626
compound,A549,long,0.037326901679908264
compound,A549,long,0.0029724500405096626
compound,A549,long,0.003609196491039343
compound,A549,long,-0.0026071605989638775
compound,A549,long,0.0014183999187223281
compound,A549,long,-0.002220928451049487
compound,A549,long,0.001268560343320532
compound,A549,long,-0.002220928451049487
compound,A549,long,0.00890111674381419
compound,A549,long,-0.002220928451049487
compound,A549,long,0.005333379700406016
compound,A549,long,0.005333379700406016
compound,A549,long,0.002155413434253637
compound,A549,long,0.011790368350803876
compound,A549,long,-0.0020143247685071026
compound,A549,long,0.02816484517304189
compound,A549,long,-0.0004746072755843268
compound,A549,long,-0.0004746072755843268
compound,A549,long,-0.0004746072755843268
compound,A549,long,0.010108043946940003
compound,A549,long,0.02816484517304189
compound,A549,long,0.010108043946940003
compound,A549,long,0.10647378252856793
compound,A549,long,0.4934426229508197
compound,A549,long,0.4934426229508197
compound,A549,long,0.4934426229508197
compound,A549,long,0.4934426229508197
compound,A549,long,0.12852503390667783
compound,A549,long,0.12852503390667783
compound,A549,long,0.12852503390667783
compound,A549,long,0.056618718353528295
compound,A549,long,0.0070502693744580874
compound,A549,long,0.013854054727027158
compound,A549,long,0.014757815694583846
compound,A549,long,-0.0007809373343500466
compound,A549,long,-0.0022290518987502644
compound,A549,long,0.22260928961748633
compound,A549,long,0.22260928961748633
compound,A549,long,0.22260928961748633
compound,A549,long,0.055434519370042276
compound,A549,long,0.04946035613582218
compound,A549,long,0.1232871891015806
compound,A549,long,0.019356244213278143
compound,A549,long,0.019356244213278143
compound,A549,long,-0.0017116127766204753
compound,A549,long,0.00023990403838464658
compound,A549,long,0.00023990403838464658
compound,A549,long,0.04160619962312223
compound,A549,long,0.05005736123463922
compound,A549,long,0.049180456349544155
compound,A549,long,0.122096709734555
compound,A549,long,0.026192528977300795
compound,A549,long,0.012145436952192355
compound,A549,long,0.0020755364910822714
compound,A549,long,-0.0027244460273092136
compound,A549,long,0.2055638350720318
compound,A549,long,0.2055638350720318
compound,A549,long,0.2055638350720318
compound,A549,long,-0.0015358382793947138
compound,A549,long,0.3431001761545505
compound,A549,long,0.9934426229508196
compound,A549,long,-0.0028132906062723973
compound,A549,long,0.9934426229508196
compound,A549,long,0.16893291114344802
compound,A549,long,0.01945692964980099
compound,A549,long,0.04066484517304189
compound,A549,long,0.04066484517304189
compound,A549,long,0.031841193803751576
compound,A549,long,0.004986634494831217
compound,A549,long,0.047854387656702024
compound,A549,long,0.031841193803751576
compound,A549,long,0.060207709568763895
compound,A549,long,0.017214827757507236
compound,A549,long,0.017214827757507236
compound,A549,long,0.017214827757507236
compound,A549,long,0.017214827757507236
compound,A549,long,0.005142130339982233
compound,A549,long,0.003740223609866115
compound,A549,long,0.00253588464630263
compound,A549,long,0.007828587863100374
compound,A549,long,0.011913039616663812
compound,A549,long,0.011726852935678385
compound,A549,long,0.011726852935678385
compound,A549,long,0.011726852935678385
compound,A549,long,0.014649220208145571
compound,A549,long,0.009574214967049363
compound,A549,long,0.017343721851918573
compound,A549,long,0.017343721851918573
compound,A549,long,0.05019000914006788
compound,A549,long,0.04439786148175192
compound,A549,long,0.03636790117021554
compound,A549,long,0.04459351809148463
compound,A549,long,0.04459351809148463
compound,A549,long,0.003696380031467785
compound,A549,long,0.0011585520015253415
compound,A549,long,0.021752032839176927
compound,A549,long,0.012317266825463547
compound,A549,long,0.03719262295081967
compound,A549,long,0.08959646910466582
compound,A549,long,0.0037793663438290496
compound,A549,long,-0.001495227891201178
compound,A549,long,-0.001495227891201178
compound,A549,long,0.025825640474802975
compound,A549,long,0.03672374351427531
compound,A549,long,0.025516907660889817
compound,A549,long,0.025516907660889817
compound,A549,long,0.03204556412729026
compound,A549,long,0.005928020147081354
compound,A549,long,0.008266340899537622
compound,A549,long,0.004015673315007772
compound,A549,long,0.0004939050021017235
compound,A549,long,0.004601366749796124
compound,A549,long,0.0009908741754111685
compound,A549,long,-0.0030101626188101345
compound,A549,long,0.016849335769926428
compound,A549,long,0.019989702672579542
compound,A549,long,-0.00030932348331299707
compound,A549,long,0.19857082807902482
compound,A549,long,0.19857082807902482
compound,A549,long,0.19857082807902482
compound,A549,long,0.02658880747006924
compound,A549,long,0.009382847110221913
compound,A549,long,0.009074966032819907
compound,A549,long,0.009729699222006113
compound,A549,long,0.035819806541826926
compound,A549,long,0.19344262295081968
compound,A549,long,0.027545740323010444
compound,A549,long,0.23153786104605778
compound,A549,long,0.23153786104605778
compound,A549,long,0.23153786104605778
compound,A549,long,0.23153786104605778
compound,A549,long,0.23153786104605778
compound,A549,long,0.23153786104605778
compound,A549,long,0.23153786104605778
compound,A549,long,0.23153786104605778
compound,A549,long,0.38709897740081217
compound,A549,long,0.23153786104605778
compound,A549,long,0.23153786104605778
compound,A549,long,0.049180456349544155
compound,A549,long,0.10594262295081967
compound,A549,long,0.10594262295081967
compound,A549,long,0.23153786104605778
compound,A549,long,0.0020340683785482856
compound,A549,long,0.0020340683785482856
compound,A549,long,0.0072363824637572665
compound,A549,long,0.08372040072859745
compound,A549,long,0.001532921117453717
compound,A549,long,-0.00038316823521996127
compound,A549,long,0.011360252128198292
compound,A549,long,0.011360252128198292
compound,A549,long,0.011360252128198292
compound,A549,long,0.011360252128198292
compound,A549,long,0.049180456349544155
compound,A549,long,-0.0010902841683510028
compound,A549,long,0.008543666699431709
compound,A549,long,-0.002399337021575083
compound,A549,long,0.0021018353405886456
compound,A549,long,0.00018927992169188957
compound,A549,long,0.00018927992169188957
compound,A549,long,-0.0023867772036469887
compound,A549,long,0.004986634494831216
compound,A549,long,0.23153786104605778
compound,A549,long,0.09086496811810722
compound,A549,long,0.047529161412358134
compound,A549,long,0.047529161412358134
compound,A549,long,0.047529161412358134
compound,A549,long,0.047529161412358134
compound,A549,long,0.005794021637986046
compound,A549,long,-0.0023599783999481237
compound,A549,long,0.11149817850637522
compound,A549,long,-0.0018679488303403444
compound,A549,long,0.0006344643570829348
compound,A549,long,0.007828587863100374
compound,A549,long,0.4101092896174864
compound,A549,long,0.37439500390320063
compound,A549,long,0.37439500390320063
compound,A549,long,0.37439500390320063
compound,A549,long,0.37439500390320063
compound,A549,long,0.6184426229508196
compound,A549,long,0.6184426229508196
compound,A549,long,0.37439500390320063
compound,A549,long,0.7805854800936768
compound,A549,long,0.37439500390320063
compound,A549,long,0.6184426229508196
compound,A549,long,0.6184426229508196
compound,A549,long,0.37439500390320063
compound,A549,long,0.37439500390320063
compound,A549,long,0.6472124642206609
compound,A549,long,0.6184426229508196
compound,A549,long,0.6184426229508196
compound,A549,long,0.0029724500405096626
compound,A549,long,0.11844262295081967
compound,A549,long,0.005003670173721556
compound,A549,long,0.005090590109615999
compound,U2OS,short,-0.003417464601675127
compound,U2OS,short,-0.006218591555615381
compound,U2OS,short,0.07386215710218456
compound,U2OS,short,0.017594265514532602
compound,U2OS,short,0.04898858215921034
compound,U2OS,short,-0.006557126468023616
compound,U2OS,short,0.011685379886252746
compound,U2OS,short,0.0064663535605919
compound,U2OS,short,0.021001002459292678
compound,U2OS,short,0.02244936283865573
compound,U2OS,short,0.044674671198562776
compound,U2OS,short,0.024064881390896343
compound,U2OS,short,0.019644415050461612
compound,U2OS,short,0.019644415050461612
compound,U2OS,short,0.0010608670505695686
compound,U2OS,short,-3.71974239395949e-05
compound,U2OS,short,0.006893051574361213
compound,U2OS,short,0.014482228298017772
compound,U2OS,short,0.13049344315572559
compound,U2OS,short,-0.002155687476294479
compound,U2OS,short,0.21513157894736842
compound,U2OS,short,0.05424199097404686
compound,U2OS,short,-0.002877583106458645
compound,U2OS,short,-0.0016580766835317244
compound,U2OS,short,0.03179824561403509
compound,U2OS,short,0.023102646070701702
compound,U2OS,short,-0.001007760815824552
compound,U2OS,short,-0.001007760815824552
compound,U2OS,short,0.018317853457172344
compound,U2OS,short,-0.006031370729937116
compound,U2OS,short,-0.006031370729937116
compound,U2OS,short,0.29120692968740053
compound,U2OS,short,0.29120692968740053
compound,U2OS,short,0.5734649122807017
compound,U2OS,short,-0.0034331045600097033
compound,U2OS,short,-0.004044821932943073
compound,U2OS,short,-0.0016837076768353998
compound,U2OS,short,-0.0020435519745655695
compound,U2OS,short,0.0029554005260468814
compound,U2OS,short,0.10210543734831878
compound,U2OS,short,-2.2209499743356537e-05
compound,U2OS,short,0.029586607993219494
compound,U2OS,short,0.03117279202139698
compound,U2OS,short,0.03117279202139698
compound,U2OS,short,0.03117279202139698
compound,U2OS,short,0.047827784331761686
compound,U2OS,short,0.18656015037593984
compound,U2OS,short,-0.0015883298857268015
compound,U2OS,short,0.18656015037593984
compound,U2OS,short,-0.0015883298857268015
compound,U2OS,short,0.0017581617208777794
compound,U2OS,short,0.5213815789473685
compound,U2OS,short,0.04875491262615488
compound,U2OS,short,0.06567465331046009
compound,U2OS,short,0.08700959481183294
compound,U2OS,short,-0.005109182530795072
compound,U2OS,short,0.002143626955843329
compound,U2OS,short,-0.005109182530795072
compound,U2OS,short,0.05850416963203322
compound,U2OS,short,0.05187716011996788
compound,U2OS,short,-0.00258500682801483
compound,U2OS,short,0.20758811932057544
compound,U2OS,short,0.08600045653977469
compound,U2OS,short,0.06567465331046009
compound,U2OS,short,-0.00621004759088733
compound,U2OS,short,-0.00621004759088733
compound,U2OS,short,0.004179499651396893
compound,U2OS,short,0.004516991554126271
compound,U2OS,short,0.02715119036226835
compound,U2OS,short,0.003605604921394395
compound,U2OS,short,0.003605604921394395
compound,U2OS,short,0.003605604921394395
compound,U2OS,short,0.003605604921394395
compound,U2OS,short,-0.005967388872910874
compound,U2OS,short,0.027495709382151026
compound,U2OS,short,0.09070629159104658
compound,U2OS,short,0.09070629159104658
compound,U2OS,short,0.226613643839084
compound,U2OS,short,0.11876703372015843
compound,U2OS,short,0.04310394623255461
compound,U2OS,short,0.21574519976576223
compound,U2OS,short,0.03159888357256778
compound,U2OS,short,0.39834836216415165
compound,U2OS,short,0.39834836216415165
compound,U2OS,short,0.00779396693580797
compound,U2OS,short,0.11325675221289636
compound,U2OS,short,0.04976659971156091
compound,U2OS,short,0.04976659971156091
compound,U2OS,short,0.04408829893554144
compound,U2OS,short,0.04976659971156091
compound,U2OS,short,0.011850024295617236
compound,U2OS,short,0.002794847504233665
compound,U2OS,short,-0.0031487039880869275
compound,U2OS,short,0.02679824561403509
compound,U2OS,short,0.002791493659521939
compound,U2OS,short,-0.0060479193852399585
compound,U2OS,short,0.01568145931032586
compound,U2OS,short,-0.002459387519894627
compound,U2OS,short,-0.0025948281622380108
compound,U2OS,short,0.004172983087782463
compound,U2OS,short,-0.003380163836039167
compound,U2OS,short,0.033130305646301664
compound,U2OS,short,0.06356606595811447
compound,U2OS,short,0.06356606595811447
compound,U2OS,short,0.032596593272431695
compound,U2OS,short,0.03230316352935318
compound,U2OS,short,0.03179667260811617
compound,U2OS,short,-0.005088458293196545
compound,U2OS,short,0.07346491228070176
compound,U2OS,short,0.0304093567251462
compound,U2OS,short,0.010548787684100724
compound,U2OS,short,0.010548787684100724
compound,U2OS,short,0.06923995211069854
compound,U2OS,short,0.010548787684100724
compound,U2OS,short,0.039174641148325355
compound,U2OS,short,0.09833263714842662
compound,U2OS,short,0.007491768731800631
compound,U2OS,short,0.0629285138132688
compound,U2OS,short,-0.002450936875421509
compound,U2OS,short,-0.0023193355815318596
compound,U2OS,short,0.01601084325471738
compound,U2OS,short,-0.005576259313661329
compound,U2OS,short,-0.005576259313661329
compound,U2OS,short,0.013332336523125998
compound,U2OS,short,-0.005704710367181762
compound,U2OS,short,0.09978070175438596
compound,U2OS,short,0.014325127334465195
compound,U2OS,short,0.011165447040060044
compound,U2OS,short,0.0867866099748052
compound,U2OS,short,0.010286230850046124
compound,U2OS,short,-0.004317033205669838
compound,U2OS,short,0.1911150355277677
compound,U2OS,short,0.06602965856352078
compound,U2OS,short,0.1911150355277677
compound,U2OS,short,-0.0002665887763806975
compound,U2OS,short,-0.0030562517404622664
compound,U2OS,short,0.002968549422336329
compound,U2OS,short,0.3651315789473684
compound,U2OS,short,0.3651315789473684
compound,U2OS,short,0.019331204449000043
compound,U2OS,short,0.0009669147606230712
compound,U2OS,short,0.0009669147606230712
compound,U2OS,short,-0.0022226717055732407
compound,U2OS,short,0.0009669147606230712
compound,U2OS,short,-0.0022226717055732407
compound,U2OS,short,-0.0022226717055732407
compound,U2OS,short,0.0009669147606230712
compound,U2OS,short,-0.0022226717055732407
compound,U2OS,short,-0.0022226717055732407
compound,U2OS,short,-0.0022226717055732407
compound,U2OS,short,-0.0022226717055732407
compound,U2OS,short,0.0009669147606230712
compound,U2OS,short,-0.0022226717055732407
compound,U2OS,short,-0.0022226717055732407
compound,U2OS,short,-0.0022226717055732407
compound,U2OS,short,0.32346491228070173
compound,U2OS,short,0.17346491228070177
compound,U2OS,short,0.17346491228070177
compound,U2OS,short,0.17346491228070177
compound,U2OS,short,0.17346491228070177
compound,U2OS,short,0.17346491228070177
compound,U2OS,short,0.17346491228070177
compound,U2OS,short,0.17346491228070177
compound,U2OS,short,0.17346491228070177
compound,U2OS,short,0.17346491228070177
compound,U2OS,short,0.17346491228070177
compound,U2OS,short,0.17346491228070177
compound,U2OS,short,0.17346491228070177
compound,U2OS,short,0.17346491228070177
compound,U2OS,short,0.17346491228070177
compound,U2OS,short,0.17346491228070177
compound,U2OS,short,0.17346491228070177
compound,U2OS,short,0.17346491228070177
compound,U2OS,short,0.17346491228070177
compound,U2OS,short,0.17346491228070177
compound,U2OS,short,0.17346491228070177
compound,U2OS,short,0.17346491228070177
compound,U2OS,short,0.027771221132426586
compound,U2OS,short,-0.002657744082191368
compound,U2OS,short,-0.004697451790443801
compound,U2OS,short,0.028465516757106884
compound,U2OS,short,0.036285425101214575
compound,U2OS,short,-0.005341545924898081
compound,U2OS,short,-0.006031370729937116
compound,U2OS,short,0.018858287021902582
compound,U2OS,short,0.31156015037593987
compound,U2OS,short,0.14321703559710294
compound,U2OS,short,-0.005795084400897713
compound,U2OS,short,-0.005795084400897713
compound,U2OS,short,-0.005795084400897713
compound,U2OS,short,-0.00506887924278049
compound,U2OS,short,0.007587559518103091
compound,U2OS,short,-0.00476982219430257
compound,U2OS,short,-0.00476982219430257
compound,U2OS,short,0.012082729811799234
compound,U2OS,short,0.014081671703281935
compound,U2OS,short,0.00040782363850919157
compound,U2OS,short,0.001392200209513075
compound,U2OS,short,-0.0008378128851257846
compound,U2OS,short,0.01296245735531748
compound,U2OS,short,0.009238889643939157
compound,U2OS,short,-0.005343219159008632
compound,U2OS,short,0.9901315789473685
compound,U2OS,short,0.4901315789473684
compound,U2OS,short,0.03189059562580567
compound,U2OS,short,0.08012745133506272
compound,U2OS,short,0.010875571000524442
compound,U2OS,short,0.021903157423104908
compound,U2OS,short,0.007988721804511278
compound,U2OS,short,0.037402324116334144
compound,U2OS,short,0.02458487773080683
compound,U2OS,short,0.010954383312718363
compound,U2OS,short,0.12414741415317553
compound,U2OS,short,0.021903157423104908
compound,U2OS,short,0.021903157423104908
compound,U2OS,short,-0.003100744284954811
compound,U2OS,short,0.24075410921766327
compound,U2OS,short,0.0304093567251462
compound,U2OS,short,-0.0031487039880869275
compound,U2OS,short,0.00716763715727972
compound,U2OS,short,0.018537376048817694
compound,U2OS,short,0.029747425285903833
compound,U2OS,short,0.09429824561403508
compound,U2OS,short,0.008268833849329206
compound,U2OS,short,-0.002204185592906025
compound,U2OS,short,0.03544707059350956
compound,U2OS,short,-0.002204185592906025
compound,U2OS,short,-0.0027446736851758128
compound,U2OS,short,-0.0006303634134685308
compound,U2OS,short,0.013589560136318833
compound,U2OS,short,0.018011256130053672
compound,U2OS,short,0.004849829578150592
compound,U2OS,short,0.018011256130053672
compound,U2OS,short,0.011161241246514124
compound,U2OS,short,0.018011256130053672
compound,U2OS,short,0.00542758403869684
compound,U2OS,short,0.00542758403869684
compound,U2OS,short,-0.0032697630236103157
compound,U2OS,short,-0.0011143471476401585
compound,U2OS,short,-0.005900104595141381
compound,U2OS,short,0.02894736842105263
compound,U2OS,short,-0.006031370729937116
compound,U2OS,short,-0.006031370729937116
compound,U2OS,short,-0.006031370729937116
compound,U2OS,short,0.041734293604354294
compound,U2OS,short,0.02894736842105263
compound,U2OS,short,0.041734293604354294
compound,U2OS,short,0.06509455882635488
compound,U2OS,short,0.32346491228070173
compound,U2OS,short,0.32346491228070173
compound,U2OS,short,0.32346491228070173
compound,U2OS,short,0.32346491228070173
compound,U2OS,short,0.0980281373957303
compound,U2OS,short,0.0980281373957303
compound,U2OS,short,0.0980281373957303
compound,U2OS,short,0.050699920343896775
compound,U2OS,short,0.002853692800128908
compound,U2OS,short,0.005744110939462858
compound,U2OS,short,0.020462461300309598
compound,U2OS,short,8.396860129602594e-05
compound,U2OS,short,-0.006238370547581073
compound,U2OS,short,0.3651315789473684
compound,U2OS,short,0.3651315789473684
compound,U2OS,short,0.3651315789473684
compound,U2OS,short,0.0866659934325202
compound,U2OS,short,0.059090725573188604
compound,U2OS,short,0.19963037419135335
compound,U2OS,short,0.03576649958228905
compound,U2OS,short,0.03576649958228905
compound,U2OS,short,0.00044661959777492644
compound,U2OS,short,-0.004399161551831199
compound,U2OS,short,-0.004399161551831199
compound,U2OS,short,0.182189464000665
compound,U2OS,short,0.13571219057253803
compound,U2OS,short,0.2362394976317347
compound,U2OS,short,0.12413488652199542
compound,U2OS,short,0.20599892781069257
compound,U2OS,short,0.061816166760988486
compound,U2OS,short,0.014765498516754447
compound,U2OS,short,-0.0037968090488161845
compound,U2OS,short,0.13558612440191387
compound,U2OS,short,0.13558612440191387
compound,U2OS,short,0.13558612440191387
compound,U2OS,short,0.030195681511470986
compound,U2OS,short,0.05569263825842773
compound,U2OS,short,0.03179824561403509
compound,U2OS,short,-0.0062483634459282525
compound,U2OS,short,0.04040652225802601
compound,U2OS,short,0.00926335769380679
compound,U2OS,short,0.01621092578163774
compound,U2OS,short,0.013302864726559699
compound,U2OS,short,0.013302864726559699
compound,U2OS,short,0.05900526033713679
compound,U2OS,short,0.00954180664427025
compound,U2OS,short,0.009396811922278816
compound,U2OS,short,0.05900526033713679
compound,U2OS,short,0.004755193887278031
compound,U2OS,short,-0.0002123363965469225
compound,U2OS,short,-0.0002123363965469225
compound,U2OS,short,-0.0002123363965469225
compound,U2OS,short,-0.0002123363965469225
compound,U2OS,short,0.004848560079443893
compound,U2OS,short,-0.0025265829896271522
compound,U2OS,short,-0.0034568005685988944
compound,U2OS,short,-0.005297789701640408
compound,U2OS,short,0.003787220722643795
compound,U2OS,short,-3.1844555195008947e-05
compound,U2OS,short,-3.1844555195008947e-05
compound,U2OS,short,-3.1844555195008947e-05
compound,U2OS,short,0.003453021722842496
compound,U2OS,short,-0.003028787711135765
compound,U2OS,short,0.029566102756892226
compound,U2OS,short,0.029566102756892226
compound,U2OS,short,0.08248935071005553
compound,U2OS,short,0.06610385678180943
compound,U2OS,short,0.10679824561403509
compound,U2OS,short,0.04198343079922027
compound,U2OS,short,0.04198343079922027
compound,U2OS,short,0.00930530988757974
compound,U2OS,short,0.03914419423905348
compound,U2OS,short,0.00012392930116455862
compound,U2OS,short,-0.002978521645162927
compound,U2OS,short,-0.0017708663221233214
compound,U2OS,short,-0.004133948492657868
compound,U2OS,short,0.0005740934221409606
compound,U2OS,short,-0.006164060412998331
compound,U2OS,short,-0.006164060412998331
compound,U2OS,short,0.07206352652146754
compound,U2OS,short,0.023682961694316447
compound,U2OS,short,0.0011672709766686843
compound,U2OS,short,0.0011672709766686843
compound,U2OS,short,-0.0022319518307965026
compound,U2OS,short,5.337757884447264e-05
compound,U2OS,short,-0.004472787621954343
compound,U2OS,short,0.007620136990162715
compound,U2OS,short,0.02274027459954233
compound,U2OS,short,0.006337010144053308
compound,U2OS,short,0.008722170960951748
compound,U2OS,short,-0.006298126916299706
compound,U2OS,short,0.0726148046157299
compound,U2OS,short,0.057457363398456085
compound,U2OS,short,-0.0063471196589897595
compound,U2OS,short,0.7401315789473685
compound,U2OS,short,0.7401315789473685
compound,U2OS,short,0.7401315789473685
compound,U2OS,short,0.011480512418843037
compound,U2OS,short,-0.001557981492192018
compound,U2OS,short,0.013482272890952763
compound,U2OS,short,-0.0061634467816195715
compound,U2OS,short,0.04967783685516553
compound,U2OS,short,0.04583449671925171
compound,U2OS,short,0.11756384594828566
compound,U2OS,short,0.1290204678362573
compound,U2OS,short,0.1290204678362573
compound,U2OS,short,0.1290204678362573
compound,U2OS,short,0.1290204678362573
compound,U2OS,short,0.1290204678362573
compound,U2OS,short,0.1290204678362573
compound,U2OS,short,0.1290204678362573
compound,U2OS,short,0.1290204678362573
compound,U2OS,short,0.23061095390856112
compound,U2OS,short,0.1290204678362573
compound,U2OS,short,0.1290204678362573
compound,U2OS,short,0.2362394976317347
compound,U2OS,short,0.9901315789473685
compound,U2OS,short,0.9901315789473685
compound,U2OS,short,0.1290204678362573
compound,U2OS,short,-0.006310084559141501
compound,U2OS,short,-0.006310084559141501
compound,U2OS,short,0.02084521941710645
compound,U2OS,short,0.5285931174089069
compound,U2OS,short,-0.00370143813043044
compound,U2OS,short,-0.002187165526548466
compound,U2OS,short,0.023694500982276875
compound,U2OS,short,0.023694500982276875
compound,U2OS,short,0.023694500982276875
compound,U2OS,short,0.023694500982276875
compound,U2OS,short,0.2362394976317347
compound,U2OS,short,0.08140142021720968
compound,U2OS,short,0.008612761743067346
compound,U2OS,short,-0.004256608029463255
compound,U2OS,short,0.02514766980303949
compound,U2OS,short,-0.005739456068945615
compound,U2OS,short,-0.005739456068945615
compound,U2OS,short,-0.006271112564018742
compound,U2OS,short,0.0304093567251462
compound,U2OS,short,0.1290204678362573
compound,U2OS,short,0.09010086940381479
compound,U2OS,short,0.05353737604881769
compound,U2OS,short,0.05353737604881769
compound,U2OS,short,0.05353737604881769
compound,U2OS,short,0.05353737604881769
compound,U2OS,short,0.003771365496171698
compound,U2OS,short,-0.0054129951575772
compound,U2OS,short,0.027631578947368424
compound,U2OS,short,-0.005097957984891003
compound,U2OS,short,-0.002502291212315417
compound,U2OS,short,-0.005297789701640408
compound,U2OS,short,0.026116427432216906
compound,U2OS,short,0.2946950710108605
compound,U2OS,short,0.2946950710108605
compound,U2OS,short,0.2946950710108605
compound,U2OS,short,0.2946950710108605
compound,U2OS,short,0.12406015037593984
compound,U2OS,short,0.12406015037593984
compound,U2OS,short,0.2946950710108605
compound,U2OS,short,0.6031871345029239
compound,U2OS,short,0.2946950710108605
compound,U2OS,short,0.12406015037593984
compound,U2OS,short,0.12406015037593984
compound,U2OS,short,0.2946950710108605
compound,U2OS,short,0.2946950710108605
compound,U2OS,short,0.4487129281537176
compound,U2OS,short,0.12406015037593984
compound,U2OS,short,0.12406015037593984
compound,U2OS,short,-0.002204185592906025
compound,U2OS,short,0.32346491228070173
compound,U2OS,short,-0.0014222343099373515
compound,U2OS,short,-0.003192370106560509
crispr,U2OS,long,0.006360374675315254
crispr,U2OS,long,0.05379297874707912
crispr,U2OS,long,0.0007986854902450728
crispr,U2OS,long,0.020810102586975916
crispr,U2OS,long,0.03229513052784467
crispr,U2OS,long,0.004535385072851621
crispr,U2OS,long,0.00119492102260215
crispr,U2OS,long,0.0033187357451960058
crispr,U2OS,long,0.003562685784228012
crispr,U2OS,long,0.022285238959467636
crispr,U2OS,long,0.002704228455630596
crispr,U2OS,long,0.021234335839598998
crispr,U2OS,long,0.9967105263157895
crispr,U2OS,long,0.005410160015423174
crispr,U2OS,long,0.0274906015037594
crispr,U2OS,long,0.00985943341961461
crispr,U2OS,long,0.0028861215538847117
crispr,U2OS,long,0.013012039096175494
crispr,U2OS,long,0.023044552649815808
crispr,U2OS,long,0.004894703573092022
crispr,U2OS,long,0.008521038969910175
crispr,U2OS,long,0.023289473684210527
crispr,U2OS,long,0.002055644160907319
crispr,U2OS,long,0.0026955813853790193
crispr,U2OS,long,0.007299948099742858
crispr,U2OS,long,0.02818215752146323
crispr,U2OS,long,0.0021916631837876556
crispr,U2OS,long,0.0008534176268223778
crispr,U2OS,long,0.015278165573083903
crispr,U2OS,long,0.077729044834308
crispr,U2OS,long,0.007386314043816008
crispr,U2OS,long,0.06508659469185785
crispr,U2OS,long,0.3300438596491228
crispr,U2OS,long,0.6633771929824561
crispr,U2OS,long,0.0029958206609585003
crispr,U2OS,long,0.15296052631578946
crispr,U2OS,long,0.010420203735144313
crispr,U2OS,long,0.0013674841784909178
crispr,U2OS,long,0.005183552832095479
crispr,U2OS,long,0.16716507177033493
crispr,U2OS,long,0.011227871715487815
crispr,U2OS,long,0.05614448857994042
crispr,U2OS,long,0.012616384326910644
crispr,U2OS,long,0.04671052631578947
crispr,U2OS,long,0.024488304093567254
crispr,U2OS,long,0.002189422419685578
crispr,U2OS,long,0.11522904483430799
crispr,U2OS,long,0.02132442592968909
crispr,U2OS,long,0.032505980861244024
crispr,U2OS,long,0.0006193454488238536
crispr,U2OS,long,0.003416581171749453
crispr,U2OS,long,0.009105644546147979
crispr,U2OS,long,0.022901002506265665
crispr,U2OS,long,0.009583937769824793
crispr,U2OS,long,0.004746240601503759
crispr,U2OS,long,0.034717283072546234
crispr,U2OS,long,0.028441295546558706
crispr,U2OS,long,0.0008390896092608166
crispr,U2OS,long,0.01981726453880677
crispr,U2OS,long,0.0006034813472644293
crispr,U2OS,long,0.021416408668730652
crispr,U2OS,long,0.1425438596491228
crispr,U2OS,long,0.0017152255639097747
crispr,U2OS,long,0.03958843329253366
crispr,U2OS,long,0.000520532099479468
crispr,U2OS,long,0.018302968960863697
crispr,U2OS,long,0.001177635740204401
crispr,U2OS,long,0.010246286330422728
crispr,U2OS,long,0.9967105263157895
crispr,U2OS,long,0.004317363922627082
crispr,U2OS,long,0.015397395002658161
crispr,U2OS,long,0.023816753422016577
crispr,U2OS,long,0.11850539811066127
crispr,U2OS,long,0.009137201215449864
crispr,U2OS,long,0.006800616405879565
crispr,U2OS,long,0.10632591093117409
crispr,U2OS,long,0.009815939421202579
crispr,U2OS,long,0.012498750437346929
crispr,U2OS,long,0.04478744939271255
crispr,U2OS,long,0.5279605263157895
crispr,U2OS,long,0.6633771929824561
crispr,U2OS,long,0.02081041017177089
crispr,U2OS,long,0.002139673781227262
crispr,U2OS,long,0.041671766625866996
crispr,U2OS,long,0.0035831854918194368
crispr,U2OS,long,0.03069670143099685
crispr,U2OS,long,0.00660959463877084
crispr,U2OS,long,0.012132425412506812
crispr,U2OS,long,0.0036899313501144167
crispr,U2OS,long,0.011078342407743497
crispr,U2OS,long,0.003511589674229882
crispr,U2OS,long,0.0003674323192658746
crispr,U2OS,long,0.0012650719503564949
crispr,U2OS,long,0.9967105263157895
crispr,U2OS,long,0.0037328635797143133
crispr,U2OS,long,0.7467105263157895
crispr,U2OS,long,0.0012349541684108017
crispr,U2OS,long,0.00576493470648105
crispr,U2OS,long,0.004093113217827177
crispr,U2OS,long,0.00023235171261487054
crispr,U2OS,long,0.057607962213225374
crispr,U2OS,long,0.037750197998416016
crispr,U2OS,long,0.06017206477732794
crispr,U2OS,long,0.013613935406698564
crispr,U2OS,long,0.0180159450350013
crispr,U2OS,long,0.05385338345864662
crispr,U2OS,long,0.026782990083905417
crispr,U2OS,long,0.05242481203007519
crispr,U2OS,long,0.0043160786581839215
crispr,U2OS,long,0.009805764411027568
crispr,U2OS,long,0.0019112611728705786
crispr,U2OS,long,0.013004008922746692
crispr,U2OS,long,0.18718671679197996
crispr,U2OS,long,0.002424901004379409
crispr,U2OS,long,0.010039471519014749
crispr,U2OS,long,0.00802274351035961
crispr,U2OS,long,0.011664004384021641
crispr,U2OS,long,0.05517206477732794
crispr,U2OS,long,0.020085935385448193
crispr,U2OS,long,0.10833843329253366
crispr,U2OS,long,0.024686716791979948
crispr,U2OS,long,0.005744718505061877
crispr,U2OS,long,0.2667105263157895
crispr,U2OS,long,0.0012248819667595584
crispr,U2OS,long,0.005424468623481782
crispr,U2OS,long,0.01383714969241285
crispr,U2OS,long,0.7467105263157895
crispr,U2OS,long,0.004202081290181976
crispr,U2OS,long,0.004861282705982484
crispr,U2OS,long,0.3181390977443609
crispr,U2OS,long,0.013752779836916234
crispr,U2OS,long,0.004918734523997682
crispr,U2OS,long,0.004352727680101932
crispr,U2OS,long,0.22587719298245615
crispr,U2OS,long,0.002040612895876054
crispr,U2OS,long,0.0114417091114884
crispr,U2OS,long,0.00236713678606454
crispr,U2OS,long,0.0023821489766456647
crispr,U2OS,long,3.876484139642036e-05
crispr,U2OS,long,0.005930881124379577
crispr,U2OS,long,0.5800438596491229
crispr,U2OS,long,0.09492481203007519
crispr,U2OS,long,0.008647013102376193
crispr,U2OS,long,0.0055648952478283085
crispr,U2OS,long,0.0007047845695496936
crispr,U2OS,short,0.012380382775119617
crispr,U2OS,short,0.018711356535797776
crispr,U2OS,short,0.027013556618819778
crispr,U2OS,short,0.0023286744526900783
crispr,U2OS,short,0.013151289367998309
crispr,U2OS,short,0.0051764237691929015
crispr,U2OS,short,0.0025275283476437044
crispr,U2OS,short,0.014173212882953652
crispr,U2OS,short,0.0006399359007697109
crispr,U2OS,short,0.004233544505773754
crispr,U2OS,short,0.002131771737034895
crispr,U2OS,short,0.023496240601503758
crispr,U2OS,short,0.006725110661924622
crispr,U2OS,short,0.005679299010052364
crispr,U2OS,short,0.1681390977443609
crispr,U2OS,short,0.0019076685590211028
crispr,U2OS,short,0.0018496787509570895
crispr,U2OS,short,0.2018387314439946
crispr,U2OS,short,0.035941295546558706
crispr,U2OS,short,0.14671052631578949
crispr,U2OS,short,0.01125707527245079
crispr,U2OS,short,0.008427698032961192
crispr,U2OS,short,0.0014801069901551858
crispr,U2OS,short,0.0038566648487893206
crispr,U2OS,short,0.04781115524660708
crispr,U2OS,short,0.023477856446194413
crispr,U2OS,short,0.00589450704448565
crispr,U2OS,short,0.009212479746012945
crispr,U2OS,short,0.004914860681114551
crispr,U2OS,short,0.04185877429422613
crispr,U2OS,short,0.0032503347626904482
crispr,U2OS,short,0.6217105263157895
crispr,U2OS,short,0.12052005012531328
crispr,U2OS,short,0.02900219298245614
crispr,U2OS,short,0.0012681947738299865
crispr,U2OS,short,0.12796052631578947
crispr,U2OS,short,0.007587547383893345
crispr,U2OS,short,0.005058352402745996
crispr,U2OS,short,0.00030212828633446875
crispr,U2OS,short,0.028074162679425835
crispr,U2OS,short,0.008024127098568338
crispr,U2OS,short,0.005998319501887745
crispr,U2OS,short,0.005820135484170315
crispr,U2OS,short,0.0369681752690906
crispr,U2OS,short,0.008955424274973147
crispr,U2OS,short,0.0004984051036682619
crispr,U2OS,short,0.11850539811066127
crispr,U2OS,short,0.009945820433436533
crispr,U2OS,short,0.0025601527662742936
crispr,U2OS,short,0.011069500674763835
crispr,U2OS,short,0.08862229102167182
crispr,U2OS,short,0.023517053122316285
crispr,U2OS,short,0.032715172076532795
crispr,U2OS,short,0.004013298170800135
crispr,U2OS,short,0.13486842105263158
crispr,U2OS,short,0.05130109703539246
crispr,U2OS,short,0.01109976027024082
crispr,U2OS,short,0.006023878275826728
crispr,U2OS,short,0.013774018379281537
crispr,U2OS,short,0.0004945399212316506
crispr,U2OS,short,0.012971763756297142
crispr,U2OS,short,0.24671052631578946
crispr,U2OS,short,0.0009587982051903953
crispr,U2OS,short,0.0038014896915856524
crispr,U2OS,short,0.0001361882780368019
crispr,U2OS,short,0.0198488241881299
crispr,U2OS,short,0.008090145290345158
crispr,U2OS,short,0.008460034189805222
crispr,U2OS,short,0.016508662961752206
crispr,U2OS,short,0.004752484357747515
crispr,U2OS,short,0.00803172146051403
crispr,U2OS,short,0.048553844288139705
crispr,U2OS,short,0.028761808367071526
crispr,U2OS,short,0.013058213716108453
crispr,U2OS,short,0.015025544630807788
crispr,U2OS,short,0.0781390977443609
crispr,U2OS,short,0.00041443325169816564
crispr,U2OS,short,0.02448830409356725
crispr,U2OS,short,0.00276676279740447
crispr,U2OS,short,0.042259180560095894
crispr,U2OS,short,0.048553844288139705
crispr,U2OS,short,0.00260732371497326
crispr,U2OS,short,0.0033905393898211785
crispr,U2OS,short,0.008461407631888181
crispr,U2OS,short,0.001329170383586084
crispr,U2OS,short,0.022752192982456138
crispr,U2OS,short,0.0021481920982828425
crispr,U2OS,short,0.03776142943565811
crispr,U2OS,short,0.04671052631578947
crispr,U2OS,short,0.027013556618819778
crispr,U2OS,short,0.03599624060150376
crispr,U2OS,short,0.0007268496862751425
crispr,U2OS,short,0.0004948550766880567
crispr,U2OS,short,0.9967105263157895
crispr,U2OS,short,0.003410072405174949
crispr,U2OS,short,0.9967105263157895
crispr,U2OS,short,0.000477338641991165
crispr,U2OS,short,0.045172064777327936
crispr,U2OS,short,0.026634768740031893
crispr,U2OS,short,0.034292225662194704
crispr,U2OS,short,0.06458382948321029
crispr,U2OS,short,0.010745614035087718
crispr,U2OS,short,0.12171052631578946
crispr,U2OS,short,0.0063983132763037074
crispr,U2OS,short,0.021833075335397314
crispr,U2OS,short,0.14216507177033494
crispr,U2OS,short,0.0049943546986277575
crispr,U2OS,short,0.05277113237639554
crispr,U2OS,short,0.05296052631578948
crispr,U2OS,short,0.22587719298245615
crispr,U2OS,short,0.0003045384463869704
crispr,U2OS,short,0.015224039829302989
crispr,U2OS,short,0.9967105263157895
crispr,U2OS,short,0.018796992481203006
crispr,U2OS,short,0.0029836609349205862
crispr,U2OS,short,0.011736658719970658
crispr,U2OS,short,0.02661761110092304
crispr,U2OS,short,0.001037467364722224
crispr,U2OS,short,0.0022867922368829813
crispr,U2OS,short,0.12171052631578946
crispr,U2OS,short,0.1181390977443609
crispr,U2OS,short,0.0003367613378622088
crispr,U2OS,short,0.009717283072546231
crispr,U2OS,short,0.003149920255183413
crispr,U2OS,short,0.0014007316766503678
crispr,U2OS,short,0.029437799043062204
crispr,U2OS,short,0.9967105263157895
crispr,U2OS,short,0.007885011241874913
crispr,U2OS,short,0.0031310064204801047
crispr,U2OS,short,0.022066123099957688
crispr,U2OS,short,0.03247042414465282
crispr,U2OS,short,0.02549342105263158
crispr,U2OS,short,0.01541682002208318
crispr,U2OS,short,0.005156713058483701
crispr,U2OS,short,0.009210526315789475
crispr,U2OS,short,0.02007250268528464
crispr,U2OS,short,0.0010559958133971293
crispr,U2OS,short,0.0002570269760422564
crispr,U2OS,short,0.0008856618171444873
crispr,U2OS,short,0.07157683647621729
crispr,U2OS,short,0.9967105263157895
crispr,U2OS,short,0.08351608187134503
crispr,U2OS,short,0.00045067006011994615
crispr,U2OS,short,0.07858187134502924
crispr,U2OS,short,0.002106724643969939
compound,U2OS,long,-0.0010762743629991723
compound,U2OS,long,-0.0027878907215544654
compound,U2OS,long,0.02997272970956048
compound,U2OS,long,0.01963309914129586
compound,U2OS,long,0.020243407805674657
compound,U2OS,long,-0.0023267591821988245
compound,U2OS,long,0.0056975379470274755
compound,U2OS,long,0.00478053775537206
compound,U2OS,long,0.017313840058774
compound,U2OS,long,0.017174113689163124
compound,U2OS,long,0.011437022969823006
compound,U2OS,long,0.021561308997880203
compound,U2OS,long,0.013784304595004793
compound,U2OS,long,0.013784304595004793
compound,U2OS,long,0.010339271782134795
compound,U2OS,long,-0.0018259670890121977
compound,U2OS,long,0.014310062895187664
compound,U2OS,long,0.01965344916164588
compound,U2OS,long,0.11206285769592976
compound,U2OS,long,0.010320578698588054
compound,U2OS,long,0.7434426229508196
compound,U2OS,long,0.04105893660343717
compound,U2OS,long,-0.0019062142584826535
compound,U2OS,long,0.003982159866503377
compound,U2OS,long,0.26010928961748636
compound,U2OS,long,0.029685979805380375
compound,U2OS,long,0.025196655208884186
compound,U2OS,long,0.025196655208884186
compound,U2OS,long,0.1040809208231601
compound,U2OS,long,-0.003083566091925662
compound,U2OS,long,-0.003083566091925662
compound,U2OS,long,0.33800519794952305
compound,U2OS,long,0.33800519794952305
compound,U2OS,long,0.6712204007285973
compound,U2OS,long,0.0027599451456663325
compound,U2OS,long,0.0010056935574859782
compound,U2OS,long,0.0037324780232834407
compound,U2OS,long,0.00030761150917207446
compound,U2OS,long,0.004931812338826962
compound,U2OS,long,0.1276610399474938
compound,U2OS,long,-0.000595585217823279
compound,U2OS,long,0.06741012440728456
compound,U2OS,long,0.060190349923153294
compound,U2OS,long,0.060190349923153294
compound,U2OS,long,0.060190349923153294
compound,U2OS,long,0.09984885333797967
compound,U2OS,long,0.3434426229508197
compound,U2OS,long,0.0026644303696135804
compound,U2OS,long,0.3434426229508197
compound,U2OS,long,0.0026644303696135804
compound,U2OS,long,0.005600059418404468
compound,U2OS,long,0.2746926229508197
compound,U2OS,long,0.04238579907319133
compound,U2OS,long,0.05553796335108933
compound,U2OS,long,0.049233814563630796
compound,U2OS,long,-0.0026494606618319215
compound,U2OS,long,0.006040097550526599
compound,U2OS,long,-0.0026494606618319215
compound,U2OS,long,0.05360628280237769
compound,U2OS,long,0.047268176563779365
compound,U2OS,long,0.0008686248299206376
compound,U2OS,long,0.16250827951647626
compound,U2OS,long,0.047705102581739
compound,U2OS,long,0.05553796335108933
compound,U2OS,long,-0.002503411713045874
compound,U2OS,long,-0.002503411713045874
compound,U2OS,long,0.008691913094879279
compound,U2OS,long,0.005196410332480892
compound,U2OS,long,0.005034050919585287
compound,U2OS,long,0.02007169563252393
compound,U2OS,long,0.02007169563252393
compound,U2OS,long,0.02007169563252393
compound,U2OS,long,0.02007169563252393
compound,U2OS,long,-0.0023020579002441576
compound,U2OS,long,0.01264552150154431
compound,U2OS,long,0.1648711943793911
compound,U2OS,long,0.1648711943793911
compound,U2OS,long,0.3271962237134938
compound,U2OS,long,0.14881772717772684
compound,U2OS,long,0.06501463406472513
compound,U2OS,long,0.29825230092854094
compound,U2OS,long,0.0034572072969548204
compound,U2OS,long,0.7275696070778038
compound,U2OS,long,0.7275696070778038
compound,U2OS,long,0.01773284782419617
compound,U2OS,long,0.08829020510040585
compound,U2OS,long,0.08761599571791087
compound,U2OS,long,0.08761599571791087
compound,U2OS,long,0.13155591713962445
compound,U2OS,long,0.08761599571791087
compound,U2OS,long,0.011779427044258264
compound,U2OS,long,0.16903786104605778
compound,U2OS,long,-0.0009596036495493434
compound,U2OS,long,0.6184426229508196
compound,U2OS,long,0.004519734333928607
compound,U2OS,long,-0.003131272951935291
compound,U2OS,long,0.013234413708340697
compound,U2OS,long,0.0075973278949983
compound,U2OS,long,0.0010815118397085608
compound,U2OS,long,0.04304579755399427
compound,U2OS,long,0.045616003939682744
compound,U2OS,long,0.11173420215630203
compound,U2OS,long,0.22007529488740743
compound,U2OS,long,0.22007529488740743
compound,U2OS,long,0.07291414014047448
compound,U2OS,long,0.04957430775079362
compound,U2OS,long,0.11237338423172205
compound,U2OS,long,-0.0004932071054117222
compound,U2OS,long,0.1898711943793911
compound,U2OS,long,-9.70529943402779e-05
compound,U2OS,long,0.006646527954752832
compound,U2OS,long,0.006646527954752832
compound,U2OS,long,0.1311710025652185
compound,U2OS,long,0.006646527954752832
compound,U2OS,long,0.0206827663199953
compound,U2OS,long,0.20942713129362445
compound,U2OS,long,0.005299967281630219
compound,U2OS,long,0.010109289617486339
compound,U2OS,long,0.000852668426064822
compound,U2OS,long,0.003236073969412155
compound,U2OS,long,0.047350610555854766
compound,U2OS,long,-0.003218395132080727
compound,U2OS,long,-0.003218395132080727
compound,U2OS,long,0.0103133712501394
compound,U2OS,long,-0.0025722798976994753
compound,U2OS,long,0.060109289617486336
compound,U2OS,long,0.0008453764473231686
compound,U2OS,long,0.5559426229508196
compound,U2OS,long,0.04015324334608174
compound,U2OS,long,0.036395703664153733
compound,U2OS,long,-0.0018271032971674457
compound,U2OS,long,0.045390972997062705
compound,U2OS,long,0.09017028261021309
compound,U2OS,long,0.045390972997062705
compound,U2OS,long,0.014063371250139399
compound,U2OS,long,0.0009073804155771367
compound,U2OS,long,0.0058743169398907105
compound,U2OS,long,0.06452105432336869
compound,U2OS,long,0.06452105432336869
compound,U2OS,long,0.008872538378201802
compound,U2OS,long,0.005138640158797749
compound,U2OS,long,0.005138640158797749
compound,U2OS,long,-3.851085214529818e-05
compound,U2OS,long,0.005138640158797749
compound,U2OS,long,-3.851085214529818e-05
compound,U2OS,long,-3.851085214529818e-05
compound,U2OS,long,0.005138640158797749
compound,U2OS,long,-3.851085214529818e-05
compound,U2OS,long,-3.851085214529818e-05
compound,U2OS,long,-3.851085214529818e-05
compound,U2OS,long,-3.851085214529818e-05
compound,U2OS,long,0.005138640158797749
compound,U2OS,long,-3.851085214529818e-05
compound,U2OS,long,-3.851085214529818e-05
compound,U2OS,long,-3.851085214529818e-05
compound,U2OS,long,0.12469262295081968
compound,U2OS,long,0.6601092896174863
compound,U2OS,long,0.6601092896174863
compound,U2OS,long,0.6601092896174863
compound,U2OS,long,0.6601092896174863
compound,U2OS,long,0.6601092896174863
compound,U2OS,long,0.6601092896174863
compound,U2OS,long,0.6601092896174863
compound,U2OS,long,0.6601092896174863
compound,U2OS,long,0.6601092896174863
compound,U2OS,long,0.6601092896174863
compound,U2OS,long,0.6601092896174863
compound,U2OS,long,0.6601092896174863
compound,U2OS,long,0.6601092896174863
compound,U2OS,long,0.6601092896174863
compound,U2OS,long,0.6601092896174863
compound,U2OS,long,0.6601092896174863
compound,U2OS,long,0.6601092896174863
compound,U2OS,long,0.6601092896174863
compound,U2OS,long,0.6601092896174863
compound,U2OS,long,0.6601092896174863
compound,U2OS,long,0.6601092896174863
compound,U2OS,long,0.018712032932747955
compound,U2OS,long,0.004451293056225084
compound,U2OS,long,-0.002694300011369902
compound,U2OS,long,0.011387736479825678
compound,U2OS,long,0.03233151183970856
compound,U2OS,long,-0.003229359683685389
compound,U2OS,long,0.012747237031878472
compound,U2OS,long,-0.003149025135393632
compound,U2OS,long,0.008721032878078426
compound,U2OS,long,-0.003149025135393632
compound,U2OS,long,0.09344262295081968
compound,U2OS,long,0.05930679112511965
compound,U2OS,long,0.013267184354328443
compound,U2OS,long,0.013267184354328443
compound,U2OS,long,0.013267184354328443
compound,U2OS,long,0.006381484936291827
compound,U2OS,long,0.005012981431290512
compound,U2OS,long,-0.002522757409693115
compound,U2OS,long,-0.002522757409693115
compound,U2OS,long,0.001922772548868602
compound,U2OS,long,0.05257381487681506
compound,U2OS,long,0.0011945311693984586
compound,U2OS,long,0.002879186138112277
compound,U2OS,long,0.00449361869158173
compound,U2OS,long,0.017041774663953273
compound,U2OS,long,0.018568367834447905
compound,U2OS,long,-0.0006922239704049583
compound,U2OS,long,0.9934426229508196
compound,U2OS,long,0.4934426229508197
compound,U2OS,long,0.05347202495507209
compound,U2OS,long,0.13763503725560647
compound,U2OS,long,0.011199821918295412
compound,U2OS,long,0.01413565494476996
compound,U2OS,long,0.0040367024317604664
compound,U2OS,long,0.0627872811519191
compound,U2OS,long,0.06930945431573776
compound,U2OS,long,0.0124440945035139
compound,U2OS,long,0.1425190839530964
compound,U2OS,long,0.01413565494476996
compound,U2OS,long,0.01413565494476996
compound,U2OS,long,0.010802198359930683
compound,U2OS,long,0.3555512437319569
compound,U2OS,long,-9.70529943402779e-05
compound,U2OS,long,-0.0009596036495493434
compound,U2OS,long,0.004867990266012688
compound,U2OS,long,-0.0003961521829194902
compound,U2OS,long,0.02944726871156299
compound,U2OS,long,0.9934426229508196
compound,U2OS,long,0.009362693218716026
compound,U2OS,long,0.007915965573879809
compound,U2OS,long,0.07581541636184835
compound,U2OS,long,0.007915965573879809
compound,U2OS,long,0.0015613888139072234
compound,U2OS,long,-0.0027000392057289005
compound,U2OS,long,0.008364111614733286
compound,U2OS,long,0.006166694653764615
compound,U2OS,long,0.006677917068466731
compound,U2OS,long,0.006166694653764615
compound,U2OS,long,0.012999891997459897
compound,U2OS,long,0.006166694653764615
compound,U2OS,long,0.005143854012355636
compound,U2OS,long,0.005143854012355636
compound,U2OS,long,0.0025048594739458473
compound,U2OS,long,0.010822404879001114
compound,U2OS,long,-0.0029789983939849576
compound,U2OS,long,0.030410041497185583
compound,U2OS,long,-0.003083566091925662
compound,U2OS,long,-0.003083566091925662
compound,U2OS,long,-0.003083566091925662
compound,U2OS,long,0.002170052772733122
compound,U2OS,long,0.030410041497185583
compound,U2OS,long,0.002170052772733122
compound,U2OS,long,0.07563400303591797
compound,U2OS,long,0.3684426229508197
compound,U2OS,long,0.3684426229508197
compound,U2OS,long,0.3684426229508197
compound,U2OS,long,0.3684426229508197
compound,U2OS,long,0.1317268630738797
compound,U2OS,long,0.1317268630738797
compound,U2OS,long,0.1317268630738797
compound,U2OS,long,0.0596782764168187
compound,U2OS,long,0.009619354333855308
compound,U2OS,long,0.020860326565667584
compound,U2OS,long,0.07399817850637522
compound,U2OS,long,0.000766797576946374
compound,U2OS,long,-0.0031049960967993754
compound,U2OS,long,0.06452105432336869
compound,U2OS,long,0.06452105432336869
compound,U2OS,long,0.06452105432336869
compound,U2OS,long,0.05566890819416703
compound,U2OS,long,0.03441559378032645
compound,U2OS,long,0.18638270019164277
compound,U2OS,long,0.029571655208884186
compound,U2OS,long,0.029571655208884186
compound,U2OS,long,0.0033261218049067615
compound,U2OS,long,1.2530199187930652e-05
compound,U2OS,long,1.2530199187930652e-05
compound,U2OS,long,0.13230701224693533
compound,U2OS,long,0.062071564181015886
compound,U2OS,long,0.10563708066701653
compound,U2OS,long,0.08984303035632006
compound,U2OS,long,0.042273077598480285
compound,U2OS,long,0.009466719336361841
compound,U2OS,long,0.002743959844004514
compound,U2OS,long,-0.002666120664497522
compound,U2OS,long,0.05626313577133249
compound,U2OS,long,0.05626313577133249
compound,U2OS,long,0.05626313577133249
compound,U2OS,long,0.5388971684053652
compound,U2OS,long,0.1472316654495396
compound,U2OS,long,0.26010928961748636
compound,U2OS,long,-0.0030608308055224027
compound,U2OS,long,0.3505651300733268
compound,U2OS,long,0.05367522160676272
compound,U2OS,long,0.0127227874757825
compound,U2OS,long,0.005973756201131004
compound,U2OS,long,0.005973756201131004
compound,U2OS,long,0.07154064566819297
compound,U2OS,long,0.012762837619871549
compound,U2OS,long,0.028796158304355023
compound,U2OS,long,0.07154064566819297
compound,U2OS,long,0.03441069079413426
compound,U2OS,long,0.007665379361076082
compound,U2OS,long,0.007665379361076082
compound,U2OS,long,0.007665379361076082
compound,U2OS,long,0.007665379361076082
compound,U2OS,long,0.02728100678920351
compound,U2OS,long,0.010688999762413876
compound,U2OS,long,-0.0005117594878776161
compound,U2OS,long,-0.0015527936435860957
compound,U2OS,long,0.013575315320182222
compound,U2OS,long,0.015434825948474066
compound,U2OS,long,0.015434825948474066
compound,U2OS,long,0.015434825948474066
compound,U2OS,long,0.014578228013726626
compound,U2OS,long,0.007166735827109807
compound,U2OS,long,0.0018504349336068288
compound,U2OS,long,0.0018504349336068288
compound,U2OS,long,0.05005630997756654
compound,U2OS,long,0.05244619901421826
compound,U2OS,long,0.06844262295081967
compound,U2OS,long,0.07957707673233227
compound,U2OS,long,0.07957707673233227
compound,U2OS,long,0.008998767154270042
compound,U2OS,long,0.10673108928276427
compound,U2OS,long,-0.002688169677557497
compound,U2OS,long,0.0009751624135723724
compound,U2OS,long,-0.0016426930789808568
compound,U2OS,long,0.00040488889512154454
compound,U2OS,long,0.012145436952192355
compound,U2OS,long,-0.0022647607085010527
compound,U2OS,long,-0.0022647607085010527
compound,U2OS,long,0.13431422599103135
compound,U2OS,long,0.027411494683413324
compound,U2OS,long,0.006620253209038998
compound,U2OS,long,0.006620253209038998
compound,U2OS,long,0.00634197798306806
compound,U2OS,long,0.012887067395264119
compound,U2OS,long,0.0028915073997041207
compound,U2OS,long,0.0069239102261819075
compound,U2OS,long,0.010229526391441203
compound,U2OS,long,0.00599140617063513
compound,U2OS,long,8.243562917051306e-05
compound,U2OS,long,-0.002294802454124914
compound,U2OS,long,0.05238456811165487
compound,U2OS,long,0.054433214832906265
compound,U2OS,long,-0.0007426508397172763
compound,U2OS,long,0.11249024199843871
compound,U2OS,long,0.11249024199843871
compound,U2OS,long,0.11249024199843871
compound,U2OS,long,0.010757785456199428
compound,U2OS,long,-0.0008646866549973965
compound,U2OS,long,0.018387011949657896
compound,U2OS,long,0.0013406329010684282
compound,U2OS,long,0.12125590597588567
compound,U2OS,long,0.4934426229508197
compound,U2OS,long,0.054055989053901944
compound,U2OS,long,0.11249024199843871
compound,U2OS,long,0.11249024199843871
compound,U2OS,long,0.11249024199843871
compound,U2OS,long,0.11249024199843871
compound,U2OS,long,0.11249024199843871
compound,U2OS,long,0.11249024199843871
compound,U2OS,long,0.11249024199843871
compound,U2OS,long,0.11249024199843871
compound,U2OS,long,0.28512881306378324
compound,U2OS,long,0.11249024199843871
compound,U2OS,long,0.11249024199843871
compound,U2OS,long,0.10563708066701653
compound,U2OS,long,0.9934426229508196
compound,U2OS,long,0.9934426229508196
compound,U2OS,long,0.11249024199843871
compound,U2OS,long,-0.0010429854846320235
compound,U2OS,long,-0.0010429854846320235
compound,U2OS,long,0.018458257722552003
compound,U2OS,long,0.5172521467603435
compound,U2OS,long,0.013002980625931446
compound,U2OS,long,-0.00014396831219155642
compound,U2OS,long,0.012850420833659351
compound,U2OS,long,0.012850420833659351
compound,U2OS,long,0.012850420833659351
compound,U2OS,long,0.012850420833659351
compound,U2OS,long,0.10563708066701653
compound,U2OS,long,0.18283656234475906
compound,U2OS,long,0.04066484517304189
compound,U2OS,long,0.036775956284153005
compound,U2OS,long,0.003006221364256549
compound,U2OS,long,-0.0025677873847110523
compound,U2OS,long,-0.0025677873847110523
compound,U2OS,long,-0.002766016755062681
compound,U2OS,long,-9.70529943402779e-05
compound,U2OS,long,0.11249024199843871
compound,U2OS,long,0.07560036548118557
compound,U2OS,long,0.0161698956780924
compound,U2OS,long,0.0161698956780924
compound,U2OS,long,0.0161698956780924
compound,U2OS,long,0.0161698956780924
compound,U2OS,long,0.006159742683096441
compound,U2OS,long,-0.0030138530583959946
compound,U2OS,long,0.004812131994747321
compound,U2OS,long,-0.0006570273988306774
compound,U2OS,long,0.004819790334131381
compound,U2OS,long,-0.0015527936435860957
compound,U2OS,long,0.044308423816620535
compound,U2OS,long,0.272735552243749
compound,U2OS,long,0.272735552243749
compound,U2OS,long,0.272735552243749
compound,U2OS,long,0.272735552243749
compound,U2OS,long,0.26010928961748636
compound,U2OS,long,0.26010928961748636
compound,U2OS,long,0.272735552243749
compound,U2OS,long,0.7238806993671569
compound,U2OS,long,0.272735552243749
compound,U2OS,long,0.26010928961748636
compound,U2OS,long,0.26010928961748636
compound,U2OS,long,0.272735552243749
compound,U2OS,long,0.272735552243749
compound,U2OS,long,0.47905966291568575
compound,U2OS,long,0.26010928961748636
compound,U2OS,long,0.26010928961748636
compound,U2OS,long,0.007915965573879809
compound,U2OS,long,0.12223050173869845
compound,U2OS,long,0.0009559394632951421
compound,U2OS,long,0.001795294666253375
