Metadata_broad_sample,mean_average_precision,nlog10pvalue,q_value,nlog10qvalue,above_p_threshold,above_q_threshold,Description,Modality,Cell,time,timepoint
ccsbBroad304_00008,0.029186666258559434,0.036496373395412986,0.9369662698257977,0.028276043148721928,False,False,orf_A549_long,orf,A549,long,96
ccsbBroad304_00023,0.8333333333333333,3.6636060246302593,0.016424083986989378,1.7845188428025414,True,True,orf_A549_long,orf,A549,long,96
ccsbBroad304_00037,0.03142379427326993,0.06176022152169891,0.9191424281252227,0.03661718615894356,False,False,orf_A549_long,orf,A549,long,96
ccsbBroad304_00049,0.6124999999999999,2.374028691679664,0.11214459604512132,0.9502216490924181,True,False,orf_A549_long,orf,A549,long,96
ccsbBroad304_00055,0.07878329262326941,0.5101669939402389,0.6315262667954289,0.19960858131280773,False,False,orf_A549_long,orf,A549,long,96
ccsbBroad304_00129,0.03860646459518777,0.1428004063913497,0.8226053705920605,0.08480845941366291,False,False,orf_A549_long,orf,A549,long,96
ccsbBroad304_00142,0.05225723945379772,0.26277275164306846,0.7268606480241654,0.13854884305448525,False,False,orf_A549_long,orf,A549,long,96
ccsbBroad304_00150,0.07587591925873366,0.45567215104399145,0.6562416395398265,0.1829362164238505,False,False,orf_A549_long,orf,A549,long,96
ccsbBroad304_00155,0.05408860433647382,0.30220749303112854,0.6998543047977525,0.15499236171167635,False,False,orf_A549_long,orf,A549,long,96
ccsbBroad304_00202,0.07666881226663835,0.48734298284921274,0.6431199485761074,0.19170801907193766,False,False,orf_A549_long,orf,A549,long,96
ccsbBroad304_00221,0.0364834734731213,0.11859951469713108,0.8397547435302541,0.07584753427618118,False,False,orf_A549_long,orf,A549,long,96
ccsbBroad304_00272,0.042593252831682006,0.18774045471834544,0.7749518682018104,0.11072527042722834,False,False,orf_A549_long,orf,A549,long,96
ccsbBroad304_00277,0.06825953983101726,0.40471775797516774,0.6563432022938094,0.1828690083588113,False,False,orf_A549_long,orf,A549,long,96
ccsbBroad304_00280,0.03564010033218198,0.10879541676499757,0.8530445449823959,0.06902828989350986,False,False,orf_A549_long,orf,A549,long,96
ccsbBroad304_00304,0.4983072483072483,2.309243591734086,0.11214459604512132,0.9502216490924181,True,False,orf_A549_long,orf,A549,long,96
ccsbBroad304_00305,0.6541666666666666,2.872606852761236,0.053635599419855996,1.2705468614332738,True,False,orf_A549_long,orf,A549,long,96
ccsbBroad304_00326,0.03476543588894808,0.09937933945605769,0.865811417246748,0.062576691548309,False,False,orf_A549_long,orf,A549,long,96
ccsbBroad304_00331,0.09670432444232754,0.5925300515497589,0.6017920682133697,0.22055354068012953,False,False,orf_A549_long,orf,A549,long,96
ccsbBroad304_00371,0.06776954576156703,0.3726446694543135,0.6729898987367036,0.17199145428394672,False,False,orf_A549_long,orf,A549,long,96
ccsbBroad304_00376,0.3610209235209235,1.495976637060931,0.340449018559275,0.46794791346068754,True,False,orf_A549_long,orf,A549,long,96
ccsbBroad304_00396,0.027255123893311993,0.017954166171677242,0.95950188844211,0.017954166171677242,False,False,orf_A549_long,orf,A549,long,96
ccsbBroad304_00407,0.05371166006374832,0.28905729699741467,0.7089321898674142,0.14939530356840833,False,False,orf_A549_long,orf,A549,long,96
ccsbBroad304_00411,0.18521602720035382,0.7599496758716903,0.6017920682133697,0.22055354068012953,False,False,orf_A549_long,orf,A549,long,96
ccsbBroad304_00454,0.10164781262181151,0.6265000031725055,0.6017920682133697,0.22055354068012953,False,False,orf_A549_long,orf,A549,long,96
ccsbBroad304_00476,0.13989666379372262,0.8240048971964593,0.6017920682133697,0.22055354068012953,False,False,orf_A549_long,orf,A549,long,96
ccsbBroad304_00477,0.0976044226044226,0.6024451564561042,0.6017920682133697,0.22055354068012953,False,False,orf_A549_long,orf,A549,long,96
ccsbBroad304_00494,0.0797735760971055,0.5061014726782911,0.6315262667954289,0.19960858131280773,False,False,orf_A549_long,orf,A549,long,96
ccsbBroad304_00504,0.04837024523584031,0.23532008751492314,0.7368235190935695,0.13263652009467902,False,False,orf_A549_long,orf,A549,long,96
ccsbBroad304_00526,0.24470551378446115,1.147847229134287,0.4949312972232924,0.30545508249595504,False,False,orf_A549_long,orf,A549,long,96
ccsbBroad304_00555,0.04322293028520032,0.19305201108890163,0.7712875668586949,0.11278366940006268,False,False,orf_A549_long,orf,A549,long,96
ccsbBroad304_00576,0.08886537965388584,0.5734151746169791,0.6017920682133697,0.22055354068012953,False,False,orf_A549_long,orf,A549,long,96
ccsbBroad304_00607,0.03734790411514549,0.12834643084194283,0.8354235852543809,0.07809326811657195,False,False,orf_A549_long,orf,A549,long,96
ccsbBroad304_00681,0.08452863952809811,0.514029085455112,0.6315262667954289,0.19960858131280773,False,False,orf_A549_long,orf,A549,long,96
ccsbBroad304_00691,0.42807539682539686,1.8055773100320707,0.2263663465051969,0.6451881384973197,True,False,orf_A549_long,orf,A549,long,96
ccsbBroad304_00733,0.10136088863836543,0.6464584802360436,0.6017920682133697,0.22055354068012953,False,False,orf_A549_long,orf,A549,long,96
ccsbBroad304_00799,0.08440216007351557,0.5368336614399093,0.6281598392913422,0.20192983319014288,False,False,orf_A549_long,orf,A549,long,96
ccsbBroad304_00805,0.05818714350531501,0.34620726415086855,0.6967424382137989,0.1569277360123494,False,False,orf_A549_long,orf,A549,long,96
ccsbBroad304_00811,0.13289304684778824,0.67780337001711,0.6017920682133697,0.22055354068012953,False,False,orf_A549_long,orf,A549,long,96
ccsbBroad304_00843,0.08728424313582862,0.47325716608787244,0.6562192470470282,0.1829510358156643,False,False,orf_A549_long,orf,A549,long,96
ccsbBroad304_00894,0.0499198680923943,0.2523335850959991,0.7275808939811111,0.13811871387947233,False,False,orf_A549_long,orf,A549,long,96
ccsbBroad304_00900,0.09367587821535191,0.57719044788659,0.6017920682133697,0.22055354068012953,False,False,orf_A549_long,orf,A549,long,96
ccsbBroad304_00902,0.05450394066086218,0.28464838589437885,0.7100447734987971,0.1487142649846157,False,False,orf_A549_long,orf,A549,long,96
ccsbBroad304_00904,0.13813805346700084,0.7745297314554647,0.6017920682133697,0.22055354068012953,False,False,orf_A549_long,orf,A549,long,96
ccsbBroad304_00954,0.040571849170699795,0.16142364362821798,0.8053335125410596,0.0940242281286999,False,False,orf_A549_long,orf,A549,long,96
ccsbBroad304_01020,0.05457100752301274,0.30231934930686244,0.6998543047977525,0.15499236171167635,False,False,orf_A549_long,orf,A549,long,96
ccsbBroad304_01121,0.06892857142857144,0.41938976970715747,0.6563432022938094,0.1828690083588113,False,False,orf_A549_long,orf,A549,long,96
ccsbBroad304_01122,0.7509920634920635,3.5115175707388038,0.016424083986989378,1.7845188428025414,True,True,orf_A549_long,orf,A549,long,96
ccsbBroad304_01144,0.4227106227106227,1.7481607559230325,0.2263663465051969,0.6451881384973197,True,False,orf_A549_long,orf,A549,long,96
ccsbBroad304_01161,0.06518330597277966,0.3196550335100492,0.6967424382137989,0.1569277360123494,False,False,orf_A549_long,orf,A549,long,96
ccsbBroad304_01213,0.048917364841277886,0.23771781286201077,0.7368235190935695,0.13263652009467902,False,False,orf_A549_long,orf,A549,long,96
ccsbBroad304_01216,0.07066238748896568,0.4280148067586817,0.6562416395398265,0.1829362164238505,False,False,orf_A549_long,orf,A549,long,96
ccsbBroad304_01230,0.05355363465274577,0.2575901742817644,0.7268606480241654,0.13854884305448525,False,False,orf_A549_long,orf,A549,long,96
ccsbBroad304_01282,0.10807682561934809,0.6330860868012291,0.6017920682133697,0.22055354068012953,False,False,orf_A549_long,orf,A549,long,96
ccsbBroad304_01283,0.09205475628172996,0.5908223471259452,0.6017920682133697,0.22055354068012953,False,False,orf_A549_long,orf,A549,long,96
ccsbBroad304_01287,0.10915966343597923,0.5523211642157091,0.6229688365403152,0.2055336779910528,False,False,orf_A549_long,orf,A549,long,96
ccsbBroad304_01334,0.07198812858476725,0.44545652076657116,0.6562416395398265,0.1829362164238505,False,False,orf_A549_long,orf,A549,long,96
ccsbBroad304_01340,0.05834301523639759,0.33432242217755886,0.6967424382137989,0.1569277360123494,False,False,orf_A549_long,orf,A549,long,96
ccsbBroad304_01396,0.06116670377069358,0.37179006315722896,0.6729898987367036,0.17199145428394672,False,False,orf_A549_long,orf,A549,long,96
ccsbBroad304_01404,0.33423763736263734,1.3240390812627618,0.42151049877718455,0.37519160371014315,True,False,orf_A549_long,orf,A549,long,96
ccsbBroad304_01492,0.13978001165501164,0.8205829572680393,0.6017920682133697,0.22055354068012953,False,False,orf_A549_long,orf,A549,long,96
ccsbBroad304_01602,0.42032196969696967,1.7711156925798275,0.2263663465051969,0.6451881384973197,True,False,orf_A549_long,orf,A549,long,96
ccsbBroad304_01649,0.13401702464202464,0.7620270978739968,0.6017920682133697,0.22055354068012953,False,False,orf_A549_long,orf,A549,long,96
ccsbBroad304_01666,0.4059027777777778,1.7014887487458135,0.22724963703293474,0.6434968017681267,True,False,orf_A549_long,orf,A549,long,96
ccsbBroad304_01684,0.4837219178211825,1.7353647688464078,0.2263663465051969,0.6451881384973197,True,False,orf_A549_long,orf,A549,long,96
ccsbBroad304_01690,0.0460662326557456,0.22134715559044443,0.7368235190935695,0.13263652009467902,False,False,orf_A549_long,orf,A549,long,96
ccsbBroad304_01760,0.030833196567832392,0.05270202291122941,0.926246391232553,0.033273471072903474,False,False,orf_A549_long,orf,A549,long,96
ccsbBroad304_01768,0.08266084760649978,0.5332865542587888,0.6281598392913422,0.20192983319014288,False,False,orf_A549_long,orf,A549,long,96
ccsbBroad304_01991,0.05396377752054907,0.29268117754708467,0.7089321898674142,0.14939530356840833,False,False,orf_A549_long,orf,A549,long,96
ccsbBroad304_02128,0.031179347158275906,0.05752261971915683,0.9220485198096707,0.035246225008004624,False,False,orf_A549_long,orf,A549,long,96
ccsbBroad304_02129,0.055238665760702535,0.31041803221662434,0.699104227910687,0.1554580714187976,False,False,orf_A549_long,orf,A549,long,96
ccsbBroad304_02392,0.03256257304016738,0.0733559919826077,0.9069382576543168,0.04242227773895695,False,False,orf_A549_long,orf,A549,long,96
ccsbBroad304_02415,0.3074547658750695,1.1896596622637376,0.4699348352996084,0.3279623604300191,False,False,orf_A549_long,orf,A549,long,96
ccsbBroad304_02416,0.2576182954472428,1.1102560756419462,0.507634969234671,0.29444846848719564,False,False,orf_A549_long,orf,A549,long,96
ccsbBroad304_02705,0.08466799843104397,0.5252362235652763,0.6281598392913422,0.20192983319014288,False,False,orf_A549_long,orf,A549,long,96
ccsbBroad304_02813,0.16727092352092351,0.8973363848390021,0.579049316700968,0.23728444653335296,False,False,orf_A549_long,orf,A549,long,96
ccsbBroad304_02826,0.12772005541346973,0.7463832723359759,0.6017920682133697,0.22055354068012953,False,False,orf_A549_long,orf,A549,long,96
ccsbBroad304_03026,0.11466655420602789,0.6822164907303916,0.6017920682133697,0.22055354068012953,False,False,orf_A549_long,orf,A549,long,96
ccsbBroad304_03155,0.05898354789864224,0.3265340593008083,0.6967424382137989,0.1569277360123494,False,False,orf_A549_long,orf,A549,long,96
ccsbBroad304_03441,0.06866457985002787,0.41342975116565234,0.6563432022938094,0.1828690083588113,False,False,orf_A549_long,orf,A549,long,96
ccsbBroad304_03827,0.04061678902932057,0.1670556373340455,0.8008025307345279,0.09647456304833825,False,False,orf_A549_long,orf,A549,long,96
ccsbBroad304_03876,0.6541666666666666,2.5577767309356263,0.08858766351372473,1.0526267526157203,True,False,orf_A549_long,orf,A549,long,96
ccsbBroad304_03934,0.3098958333333333,1.378901943938814,0.3962524643456802,0.4020280238318517,True,False,orf_A549_long,orf,A549,long,96
ccsbBroad304_03976,0.03655362080302969,0.11967283179893035,0.8397547435302541,0.07584753427618118,False,False,orf_A549_long,orf,A549,long,96
ccsbBroad304_04505,0.03717057827025453,0.12687721330743487,0.8354235852543809,0.07809326811657195,False,False,orf_A549_long,orf,A549,long,96
ccsbBroad304_04829,0.1771469155844156,0.9319364766376717,0.579049316700968,0.23728444653335296,False,False,orf_A549_long,orf,A549,long,96
ccsbBroad304_04933,0.08890240378076975,0.5263870697304028,0.6281598392913422,0.20192983319014288,False,False,orf_A549_long,orf,A549,long,96
ccsbBroad304_05206,0.12562798117246984,0.6471268523321707,0.6017920682133697,0.22055354068012953,False,False,orf_A549_long,orf,A549,long,96
ccsbBroad304_05439,0.09542624521072797,0.5931923001307511,0.6017920682133697,0.22055354068012953,False,False,orf_A549_long,orf,A549,long,96
ccsbBroad304_05555,0.13894830659536542,0.7194760399051215,0.6017920682133697,0.22055354068012953,False,False,orf_A549_long,orf,A549,long,96
ccsbBroad304_05777,0.10156940760389035,0.6146700341210339,0.6017920682133697,0.22055354068012953,False,False,orf_A549_long,orf,A549,long,96
ccsbBroad304_05782,0.1746031746031746,0.9358496587954575,0.579049316700968,0.23728444653335296,False,False,orf_A549_long,orf,A549,long,96
ccsbBroad304_05785,0.058956729621673226,0.33245611661963476,0.6967424382137989,0.1569277360123494,False,False,orf_A549_long,orf,A549,long,96
ccsbBroad304_05821,0.10816919191919191,0.6802377882159435,0.6017920682133697,0.22055354068012953,False,False,orf_A549_long,orf,A549,long,96
ccsbBroad304_05921,0.25932423554706163,1.2167268692845918,0.4629129160047131,0.3345007015431354,False,False,orf_A549_long,orf,A549,long,96
ccsbBroad304_05926,0.180281279178338,0.9524904996021096,0.579049316700968,0.23728444653335296,False,False,orf_A549_long,orf,A549,long,96
ccsbBroad304_06018,0.25119949494949495,1.1006284424710828,0.507634969234671,0.29444846848719564,False,False,orf_A549_long,orf,A549,long,96
ccsbBroad304_06071,0.4711309523809524,1.8930743368260512,0.2263663465051969,0.6451881384973197,True,False,orf_A549_long,orf,A549,long,96
ccsbBroad304_06085,0.02980168189656783,0.04685293301383922,0.9266918669303865,0.0330646485282059,False,False,orf_A549_long,orf,A549,long,96
ccsbBroad304_06088,0.11491477272727273,0.7152525829380115,0.6017920682133697,0.22055354068012953,False,False,orf_A549_long,orf,A549,long,96
ccsbBroad304_06138,0.15854312354312355,0.8238755076504692,0.6017920682133697,0.22055354068012953,False,False,orf_A549_long,orf,A549,long,96
ccsbBroad304_06188,0.1582578240472977,0.8374759778474665,0.6017920682133697,0.22055354068012953,False,False,orf_A549_long,orf,A549,long,96
ccsbBroad304_06221,0.05663432071326808,0.32233266521887904,0.6967424382137989,0.1569277360123494,False,False,orf_A549_long,orf,A549,long,96
ccsbBroad304_06237,0.12268032212885155,0.6137646803997101,0.6017920682133697,0.22055354068012953,False,False,orf_A549_long,orf,A549,long,96
ccsbBroad304_06272,0.5833333333333333,2.1012180471863147,0.1584207074924245,0.8001880515223335,True,False,orf_A549_long,orf,A549,long,96
ccsbBroad304_06343,0.06438146997929606,0.3851846840925063,0.6677281337985064,0.17540032498556635,False,False,orf_A549_long,orf,A549,long,96
ccsbBroad304_06353,0.05010618359356091,0.25874536888365085,0.7268606480241654,0.13854884305448525,False,False,orf_A549_long,orf,A549,long,96
ccsbBroad304_06365,0.20639568764568764,0.9089094848509603,0.579049316700968,0.23728444653335296,False,False,orf_A549_long,orf,A549,long,96
ccsbBroad304_06403,0.05919794819963119,0.32474118837352905,0.6967424382137989,0.1569277360123494,False,False,orf_A549_long,orf,A549,long,96
ccsbBroad304_06412,0.21510025062656643,0.9102416533882315,0.579049316700968,0.23728444653335296,False,False,orf_A549_long,orf,A549,long,96
ccsbBroad304_06451,0.04975851896822802,0.25630899503566185,0.7268606480241654,0.13854884305448525,False,False,orf_A549_long,orf,A549,long,96
ccsbBroad304_06464,0.19625350140056025,0.9802352605031712,0.579049316700968,0.23728444653335296,False,False,orf_A549_long,orf,A549,long,96
ccsbBroad304_06483,0.06274074803945347,0.36117621140951445,0.6828787516437452,0.16565640051550723,False,False,orf_A549_long,orf,A549,long,96
ccsbBroad304_06588,0.03927338914041042,0.1502532668636343,0.8155970863535721,0.0885243343686721,False,False,orf_A549_long,orf,A549,long,96
ccsbBroad304_06701,0.28358585858585855,1.2164013894651409,0.4629129160047131,0.3345007015431354,False,False,orf_A549_long,orf,A549,long,96
ccsbBroad304_06754,0.07781011432032767,0.3914377192224623,0.6677281337985064,0.17540032498556635,False,False,orf_A549_long,orf,A549,long,96
ccsbBroad304_06755,0.0708154093413223,0.3838851130439412,0.6677281337985064,0.17540032498556635,False,False,orf_A549_long,orf,A549,long,96
ccsbBroad304_06811,0.03360612591289745,0.08473470107776479,0.8894541508234357,0.05087643381679741,False,False,orf_A549_long,orf,A549,long,96
ccsbBroad304_06874,0.03162472943722944,0.061968190132072255,0.9191424281252227,0.03661718615894356,False,False,orf_A549_long,orf,A549,long,96
ccsbBroad304_06884,0.1275665020475592,0.6482919300796863,0.6017920682133697,0.22055354068012953,False,False,orf_A549_long,orf,A549,long,96
ccsbBroad304_06908,0.05106820921850269,0.2741176994951547,0.721307214231493,0.14187972414535532,False,False,orf_A549_long,orf,A549,long,96
ccsbBroad304_07061,0.07725699008593745,0.4580562297895613,0.6562416395398265,0.1829362164238505,False,False,orf_A549_long,orf,A549,long,96
ccsbBroad304_07194,0.10158367208672087,0.6178730835207569,0.6017920682133697,0.22055354068012953,False,False,orf_A549_long,orf,A549,long,96
ccsbBroad304_07311,0.04610504194769416,0.2219599155864166,0.7368235190935695,0.13263652009467902,False,False,orf_A549_long,orf,A549,long,96
ccsbBroad304_07535,0.0771287430747888,0.4381384534784969,0.6562416395398265,0.1829362164238505,False,False,orf_A549_long,orf,A549,long,96
ccsbBroad304_07557,0.04753347056225654,0.23585121995191016,0.7368235190935695,0.13263652009467902,False,False,orf_A549_long,orf,A549,long,96
ccsbBroad304_07795,0.06886641120765835,0.4174001393341408,0.6563432022938094,0.1828690083588113,False,False,orf_A549_long,orf,A549,long,96
ccsbBroad304_08590,0.09710775335775336,0.5767188741629392,0.6017920682133697,0.22055354068012953,False,False,orf_A549_long,orf,A549,long,96
ccsbBroad304_08873,0.1643939393939394,0.9233690448104224,0.579049316700968,0.23728444653335296,False,False,orf_A549_long,orf,A549,long,96
ccsbBroad304_10688,0.04224012928022362,0.1799055538993209,0.783214393786423,0.10611933973840224,False,False,orf_A549_long,orf,A549,long,96
ccsbBroad304_10895,0.2044642857142857,0.9749243822942484,0.579049316700968,0.23728444653335296,False,False,orf_A549_long,orf,A549,long,96
ccsbBroad304_10934,0.10348885387488328,0.6416173404140837,0.6017920682133697,0.22055354068012953,False,False,orf_A549_long,orf,A549,long,96
ccsbBroad304_11023,0.09604269726552335,0.5963670999976105,0.6017920682133697,0.22055354068012953,False,False,orf_A549_long,orf,A549,long,96
ccsbBroad304_11445,0.039156356997792505,0.1496295167705018,0.8155970863535721,0.0885243343686721,False,False,orf_A549_long,orf,A549,long,96
ccsbBroad304_11738,0.027577464531798896,0.020235331458843656,0.95950188844211,0.017954166171677242,False,False,orf_A549_long,orf,A549,long,96
ccsbBroad304_14525,0.10334375054769793,0.6308563028966826,0.6017920682133697,0.22055354068012953,False,False,orf_A549_long,orf,A549,long,96
ccsbBroad304_14538,0.058334075909810296,0.32004576497613696,0.6967424382137989,0.1569277360123494,False,False,orf_A549_long,orf,A549,long,96
ccsbBroad304_14540,0.08386925239603811,0.49476422124043984,0.6401264526912883,0.19373422557645859,False,False,orf_A549_long,orf,A549,long,96
ccsbBroad304_14554,0.2934027777777778,1.2588565438040455,0.4629129160047131,0.3345007015431354,False,False,orf_A549_long,orf,A549,long,96
ccsbBroad304_14572,0.15429823444529328,0.8568020197439781,0.6017920682133697,0.22055354068012953,False,False,orf_A549_long,orf,A549,long,96
ccsbBroad304_14579,0.0713061623617255,0.4048014203714971,0.6563432022938094,0.1828690083588113,False,False,orf_A549_long,orf,A549,long,96
ccsbBroad304_14597,0.0461783480097203,0.2196946835087641,0.7368235190935695,0.13263652009467902,False,False,orf_A549_long,orf,A549,long,96
ccsbBroad304_14631,0.20470882066276802,1.0569471190820625,0.5397585315276774,0.26780048439695564,False,False,orf_A549_long,orf,A549,long,96
ccsbBroad304_14635,0.1033684350779939,0.6583733701536119,0.6017920682133697,0.22055354068012953,False,False,orf_A549_long,orf,A549,long,96
ccsbBroad304_14644,0.061511113257487204,0.3103600314045408,0.699104227910687,0.1554580714187976,False,False,orf_A549_long,orf,A549,long,96
ccsbBroad304_14671,0.027504412575484836,0.019406629389488304,0.95950188844211,0.017954166171677242,False,False,orf_A549_long,orf,A549,long,96
ccsbBroad304_14679,0.071822991584021,0.43906015395524145,0.6562416395398265,0.1829362164238505,False,False,orf_A549_long,orf,A549,long,96
ccsbBroad304_14684,0.11179251304251303,0.6562422466477719,0.6017920682133697,0.22055354068012953,False,False,orf_A549_long,orf,A549,long,96
ccsbBroad304_14688,0.11477411477411477,0.6893274671686698,0.6017920682133697,0.22055354068012953,False,False,orf_A549_long,orf,A549,long,96
ccsbBroad304_14696,0.04696241566858678,0.23158102217716456,0.7368235190935695,0.13263652009467902,False,False,orf_A549_long,orf,A549,long,96
ccsbBroad304_14720,0.356547619047619,1.3756990851095026,0.3962524643456802,0.4020280238318517,True,False,orf_A549_long,orf,A549,long,96
ccsbBroad304_14724,0.07020374346604323,0.4321754723077211,0.6562416395398265,0.1829362164238505,False,False,orf_A549_long,orf,A549,long,96
ccsbBroad304_14741,0.03760119761004195,0.13160543743566983,0.8354235852543809,0.07809326811657195,False,False,orf_A549_long,orf,A549,long,96
ccsbBroad304_14762,0.030114370775538968,0.049202022866818365,0.9266918669303865,0.0330646485282059,False,False,orf_A549_long,orf,A549,long,96
ccsbBroad304_14770,0.07569057760810008,0.4364846032265299,0.6562416395398265,0.1829362164238505,False,False,orf_A549_long,orf,A549,long,96
ccsbBroad304_14827,0.07216886123136124,0.4618052816166755,0.6562416395398265,0.1829362164238505,False,False,orf_A549_long,orf,A549,long,96
ccsbBroad304_14931,1.0,5.000004342923105,0.0015999840001599973,2.79588436026718,True,True,orf_A549_long,orf,A549,long,96
ccsbBroad304_14932,0.02948869439286252,0.041683979066173125,0.9317757537326795,0.03068859476470992,False,False,orf_A549_long,orf,A549,long,96
ccsbBroad304_14989,0.11756945539840277,0.7135717609594785,0.6017920682133697,0.22055354068012953,False,False,orf_A549_long,orf,A549,long,96
ccsbBroad304_16173,0.04641115364035154,0.21948520709483954,0.7368235190935695,0.13263652009467902,False,False,orf_A549_long,orf,A549,long,96
ccsbBroad304_16175,0.044937980935423394,0.2046524458982777,0.7566475070893373,0.1211063944482028,False,False,orf_A549_long,orf,A549,long,96
ccsbBroad304_00008,0.14252934565434566,0.8369538641130649,0.4905272119579199,0.30933689516403484,False,False,orf_A549_short,orf,A549,short,48
ccsbBroad304_00023,1.0,5.000004342923105,0.0005333280000533325,3.2730056149868423,True,True,orf_A549_short,orf,A549,short,48
ccsbBroad304_00037,0.23365975422427038,1.0838123340774015,0.4121092652525245,0.3849876213336709,False,False,orf_A549_short,orf,A549,short,48
ccsbBroad304_00049,0.46319444444444446,2.148398866140999,0.17309356996549186,0.7617190648823922,True,False,orf_A549_short,orf,A549,short,48
ccsbBroad304_00055,0.026855940794580042,0.014258706860160203,0.9777785919508368,0.009759475662283882,False,False,orf_A549_short,orf,A549,short,48
ccsbBroad304_00129,0.07332742808749002,0.45469997304896104,0.7199882466639684,0.14267459308351668,False,False,orf_A549_short,orf,A549,short,48
ccsbBroad304_00142,0.05360037908339125,0.29779726059968625,0.8046825860302933,0.09437539704856839,False,False,orf_A549_short,orf,A549,short,48
ccsbBroad304_00150,0.0454637909874743,0.21337956108192346,0.8403855642041868,0.07552141633308852,False,False,orf_A549_short,orf,A549,short,48
ccsbBroad304_00155,0.11938902212169726,0.6683595658761434,0.5819804622576209,0.2350915948623628,False,False,orf_A549_short,orf,A549,short,48
ccsbBroad304_00202,0.08949166444062089,0.5393687001688151,0.6615483238931915,0.1794384265579153,False,False,orf_A549_short,orf,A549,short,48
ccsbBroad304_00221,0.06862229193844636,0.35729774185347657,0.7886147800672343,0.10313508772248275,False,False,orf_A549_short,orf,A549,short,48
ccsbBroad304_00272,0.03474510671798024,0.09859801531041182,0.8972816549147012,0.047071211387278454,False,False,orf_A549_short,orf,A549,short,48
ccsbBroad304_00277,0.5395833333333333,2.0922596969060825,0.17309356996549186,0.7617190648823922,True,False,orf_A549_short,orf,A549,short,48
ccsbBroad304_00280,0.03140906154863411,0.06067261438485665,0.9275901093347937,0.03264389078461311,False,False,orf_A549_short,orf,A549,short,48
ccsbBroad304_00304,0.4625,1.6577011328698763,0.21657222723645567,0.664397237144197,True,False,orf_A549_short,orf,A549,short,48
ccsbBroad304_00305,0.3315385424760424,1.4170869905014594,0.2916175771727651,0.5351863025794539,True,False,orf_A549_short,orf,A549,short,48
ccsbBroad304_00326,0.09150934511735728,0.5529807587484274,0.6615483238931915,0.1794384265579153,False,False,orf_A549_short,orf,A549,short,48
ccsbBroad304_00331,0.04071424900518333,0.1642350864837375,0.8403855642041868,0.07552141633308852,False,False,orf_A549_short,orf,A549,short,48
ccsbBroad304_00371,0.043983922154464436,0.19563698677907335,0.8403855642041868,0.07552141633308852,False,False,orf_A549_short,orf,A549,short,48
ccsbBroad304_00376,0.33749999999999997,1.3260844013433453,0.30206163766032007,0.5199044273594581,True,False,orf_A549_short,orf,A549,short,48
ccsbBroad304_00396,0.04250662563515434,0.18354752564090257,0.8403855642041868,0.07552141633308852,False,False,orf_A549_short,orf,A549,short,48
ccsbBroad304_00407,0.04170363171185539,0.17754977816813156,0.8403855642041868,0.07552141633308852,False,False,orf_A549_short,orf,A549,short,48
ccsbBroad304_00411,0.04373064970357322,0.19367153487128988,0.8403855642041868,0.07552141633308852,False,False,orf_A549_short,orf,A549,short,48
ccsbBroad304_00454,0.2556768341307815,1.1500883083047957,0.4044581983846668,0.3931263569910901,False,False,orf_A549_short,orf,A549,short,48
ccsbBroad304_00476,0.2735340354090354,1.2088424753666551,0.3804557562576265,0.41969584068154836,False,False,orf_A549_short,orf,A549,short,48
ccsbBroad304_00477,0.22673611111111108,1.0933890202429422,0.4121092652525245,0.3849876213336709,False,False,orf_A549_short,orf,A549,short,48
ccsbBroad304_00494,0.04460055803546169,0.2014719967001865,0.8403855642041868,0.07552141633308852,False,False,orf_A549_short,orf,A549,short,48
ccsbBroad304_00504,0.038884810770569954,0.1452485188086607,0.8546074323747211,0.06823333451754354,False,False,orf_A549_short,orf,A549,short,48
ccsbBroad304_00526,0.41002886002886,1.5747420433112862,0.23664941446425342,0.6258945657586675,True,False,orf_A549_short,orf,A549,short,48
ccsbBroad304_00555,0.07380749534282144,0.47050985446676996,0.7032656460732468,0.15288059698332707,False,False,orf_A549_short,orf,A549,short,48
ccsbBroad304_00576,0.06860084190336113,0.4031790758979268,0.7503507726406711,0.12473566592936325,False,False,orf_A549_short,orf,A549,short,48
ccsbBroad304_00607,0.026748269144511984,0.012116924055029864,0.9777785919508368,0.009759475662283882,False,False,orf_A549_short,orf,A549,short,48
ccsbBroad304_00681,0.028137609674039644,0.024810456528685305,0.9765670882244093,0.010297916180689618,False,False,orf_A549_short,orf,A549,short,48
ccsbBroad304_00691,0.05519493177387914,0.3006284181053603,0.8046825860302933,0.09437539704856839,False,False,orf_A549_short,orf,A549,short,48
ccsbBroad304_00733,0.035348664289992324,0.10434523651597497,0.8972816549147012,0.047071211387278454,False,False,orf_A549_short,orf,A549,short,48
ccsbBroad304_00799,0.11894667832167832,0.7298564112734531,0.5228639695425611,0.28161128429001975,False,False,orf_A549_short,orf,A549,short,48
ccsbBroad304_00805,0.06851856272812155,0.4023282890630766,0.7503507726406711,0.12473566592936325,False,False,orf_A549_short,orf,A549,short,48
ccsbBroad304_00811,0.03652824719844792,0.1186421525858597,0.8952388521088407,0.04806107830015242,False,False,orf_A549_short,orf,A549,short,48
ccsbBroad304_00843,0.04063955494221149,0.16455873157671208,0.8403855642041868,0.07552141633308852,False,False,orf_A549_short,orf,A549,short,48
ccsbBroad304_00894,0.04734976626423995,0.23163460437208852,0.8403855642041868,0.07552141633308852,False,False,orf_A549_short,orf,A549,short,48
ccsbBroad304_00900,0.13043082396530672,0.7710438545423689,0.5228639695425611,0.28161128429001975,False,False,orf_A549_short,orf,A549,short,48
ccsbBroad304_00902,0.03184684223296458,0.06378203149860985,0.9271535867493298,0.03284831725495911,False,False,orf_A549_short,orf,A549,short,48
ccsbBroad304_00904,0.35673076923076924,1.499974901950871,0.2663124559764467,0.5746085202477751,True,False,orf_A549_short,orf,A549,short,48
ccsbBroad304_00954,0.041075537308964044,0.16237010333324903,0.8403855642041868,0.07552141633308852,False,False,orf_A549_short,orf,A549,short,48
ccsbBroad304_01020,0.04462760042406867,0.19833771169434003,0.8403855642041868,0.07552141633308852,False,False,orf_A549_short,orf,A549,short,48
ccsbBroad304_01121,0.16277135854341737,0.9061198274289323,0.4621750297664883,0.3351935221359454,False,False,orf_A549_short,orf,A549,short,48
ccsbBroad304_01122,0.3897058823529412,1.6380682984218478,0.21657222723645567,0.664397237144197,True,False,orf_A549_short,orf,A549,short,48
ccsbBroad304_01144,0.1721432366652955,0.8914850901432986,0.4621750297664883,0.3351935221359454,False,False,orf_A549_short,orf,A549,short,48
ccsbBroad304_01161,0.08375712120607764,0.5011862581930074,0.6644406770317867,0.1775437879158809,False,False,orf_A549_short,orf,A549,short,48
ccsbBroad304_01213,0.02920133692931289,0.03719839368699598,0.9715869668969104,0.012518319559288092,False,False,orf_A549_short,orf,A549,short,48
ccsbBroad304_01216,0.053916482348859394,0.28438594861129624,0.8046825860302933,0.09437539704856839,False,False,orf_A549_short,orf,A549,short,48
ccsbBroad304_01230,0.0290723987335047,0.03479471427044036,0.9715869668969104,0.012518319559288092,False,False,orf_A549_short,orf,A549,short,48
ccsbBroad304_01282,0.12769024276377217,0.7601814452916562,0.5228639695425611,0.28161128429001975,False,False,orf_A549_short,orf,A549,short,48
ccsbBroad304_01283,0.50625,2.051259436317672,0.17309356996549186,0.7617190648823922,True,False,orf_A549_short,orf,A549,short,48
ccsbBroad304_01287,0.20566589824228806,0.8861009910165265,0.4621750297664883,0.3351935221359454,False,False,orf_A549_short,orf,A549,short,48
ccsbBroad304_01334,0.41101190476190474,1.7753565477910676,0.21657222723645567,0.664397237144197,True,False,orf_A549_short,orf,A549,short,48
ccsbBroad304_01340,0.035368024335057625,0.10698006487087461,0.8972816549147012,0.047071211387278454,False,False,orf_A549_short,orf,A549,short,48
ccsbBroad304_01396,0.027800146970755002,0.02129330048215281,0.9765670882244093,0.010297916180689618,False,False,orf_A549_short,orf,A549,short,48
ccsbBroad304_01404,0.0675258268771077,0.39943672287099535,0.7503507726406711,0.12473566592936325,False,False,orf_A549_short,orf,A549,short,48
ccsbBroad304_01492,0.044462588242564355,0.20021801489939106,0.8403855642041868,0.07552141633308852,False,False,orf_A549_short,orf,A549,short,48
ccsbBroad304_01602,0.16742238562091502,0.8725364636742836,0.46647211490462054,0.3311743126999329,False,False,orf_A549_short,orf,A549,short,48
ccsbBroad304_01649,0.6958333333333333,3.003323435950218,0.03969506846839131,1.4012634446222556,True,True,orf_A549_short,orf,A549,short,48
ccsbBroad304_01666,0.07824021791413097,0.5008501782910144,0.6644406770317867,0.1775437879158809,False,False,orf_A549_short,orf,A549,short,48
ccsbBroad304_01684,1.0,5.000004342923105,0.0005333280000533325,3.2730056149868423,True,True,orf_A549_short,orf,A549,short,48
ccsbBroad304_01690,0.026997884682764716,0.01505275526490144,0.9777785919508368,0.009759475662283882,False,False,orf_A549_short,orf,A549,short,48
ccsbBroad304_01760,0.05541472416472416,0.3061112607447726,0.8046825860302933,0.09437539704856839,False,False,orf_A549_short,orf,A549,short,48
ccsbBroad304_01768,0.048218068969146606,0.245924288003822,0.8332382472884453,0.07923080328852086,False,False,orf_A549_short,orf,A549,short,48
ccsbBroad304_01991,0.055320714144243555,0.3062241054813154,0.8046825860302933,0.09437539704856839,False,False,orf_A549_short,orf,A549,short,48
ccsbBroad304_02128,0.4227812614828397,1.8957875277757086,0.18490121703136134,0.7330602302780089,True,False,orf_A549_short,orf,A549,short,48
ccsbBroad304_02129,0.24345843301435405,1.12529184777489,0.4081436537312064,0.38918695200284464,False,False,orf_A549_short,orf,A549,short,48
ccsbBroad304_02392,0.03132408398753935,0.06616690828684346,0.9271535867493298,0.03284831725495911,False,False,orf_A549_short,orf,A549,short,48
ccsbBroad304_02415,0.1882423955759869,0.8928937773263584,0.4621750297664883,0.3351935221359454,False,False,orf_A549_short,orf,A549,short,48
ccsbBroad304_02416,0.1393398486638051,0.7373747717710271,0.5228639695425611,0.28161128429001975,False,False,orf_A549_short,orf,A549,short,48
ccsbBroad304_02705,0.17862554112554113,0.9386324823276179,0.4621750297664883,0.3351935221359454,False,False,orf_A549_short,orf,A549,short,48
ccsbBroad304_02813,0.08266692546583851,0.5135287646489289,0.6627648971559916,0.17864050172398033,False,False,orf_A549_short,orf,A549,short,48
ccsbBroad304_02826,0.04423105780278955,0.20690891595163938,0.8403855642041868,0.07552141633308852,False,False,orf_A549_short,orf,A549,short,48
ccsbBroad304_03026,0.3898141074611663,1.660806746903694,0.21657222723645567,0.664397237144197,True,False,orf_A549_short,orf,A549,short,48
ccsbBroad304_03155,0.17223793363499246,0.9065460941545909,0.4621750297664883,0.3351935221359454,False,False,orf_A549_short,orf,A549,short,48
ccsbBroad304_03441,0.0499404822340394,0.2494745054371629,0.8332382472884453,0.07923080328852086,False,False,orf_A549_short,orf,A549,short,48
ccsbBroad304_03827,0.13524000783699058,0.7359141354157298,0.5228639695425611,0.28161128429001975,False,False,orf_A549_short,orf,A549,short,48
ccsbBroad304_03876,0.2833266581749898,1.068211940608813,0.4121092652525245,0.3849876213336709,False,False,orf_A549_short,orf,A549,short,48
ccsbBroad304_03934,0.10854076479076478,0.6193328133363208,0.6200054110993173,0.20760452017864994,False,False,orf_A549_short,orf,A549,short,48
ccsbBroad304_03976,0.09809459546301652,0.6206468352659594,0.6200054110993173,0.20760452017864994,False,False,orf_A549_short,orf,A549,short,48
ccsbBroad304_04505,0.0402344214210568,0.15904996831443743,0.8404194273956463,0.07550391686436249,False,False,orf_A549_short,orf,A549,short,48
ccsbBroad304_04829,0.03366354733069321,0.08629771639503198,0.8983993116037484,0.04653058952354427,False,False,orf_A549_short,orf,A549,short,48
ccsbBroad304_04933,0.04080590799718871,0.16522787785923745,0.8403855642041868,0.07552141633308852,False,False,orf_A549_short,orf,A549,short,48
ccsbBroad304_05206,0.05295608163980842,0.2920652996438348,0.8046825860302933,0.09437539704856839,False,False,orf_A549_short,orf,A549,short,48
ccsbBroad304_05439,0.06210050366300367,0.3461917315754618,0.7922948970375137,0.10111314124063062,False,False,orf_A549_short,orf,A549,short,48
ccsbBroad304_05555,0.05124736730962662,0.2665346610959906,0.8171079882598139,0.087720543704836,False,False,orf_A549_short,orf,A549,short,48
ccsbBroad304_05777,0.06911201615148983,0.433122421007751,0.7470857803667915,0.12662952964226762,False,False,orf_A549_short,orf,A549,short,48
ccsbBroad304_05782,0.1011960140249614,0.6039909441856688,0.6321039278568625,0.19921151098332568,False,False,orf_A549_short,orf,A549,short,48
ccsbBroad304_05785,0.03411515758429934,0.09282870194795358,0.8972816549147012,0.047071211387278454,False,False,orf_A549_short,orf,A549,short,48
ccsbBroad304_05821,0.09426787128993011,0.5398109313754966,0.6615483238931915,0.1794384265579153,False,False,orf_A549_short,orf,A549,short,48
ccsbBroad304_05921,0.05353875683058645,0.2957409291680594,0.8046825860302933,0.09437539704856839,False,False,orf_A549_short,orf,A549,short,48
ccsbBroad304_05926,0.06478324915824915,0.3530125609390826,0.7886147800672343,0.10313508772248275,False,False,orf_A549_short,orf,A549,short,48
ccsbBroad304_06018,0.12721560846560848,0.6936302465412567,0.5585495966806887,0.2529382574482692,False,False,orf_A549_short,orf,A549,short,48
ccsbBroad304_06071,0.09245953728126903,0.528214431852194,0.6615483238931915,0.1794384265579153,False,False,orf_A549_short,orf,A549,short,48
ccsbBroad304_06085,0.026297326209824067,0.009759475662283872,0.9777785919508368,0.009759475662283882,False,False,orf_A549_short,orf,A549,short,48
ccsbBroad304_06088,0.08713051752959249,0.5202355490933842,0.6615483238931915,0.1794384265579153,False,False,orf_A549_short,orf,A549,short,48
ccsbBroad304_06138,0.4048611111111111,1.6698290145907135,0.21657222723645567,0.664397237144197,True,False,orf_A549_short,orf,A549,short,48
ccsbBroad304_06188,0.05656462535096256,0.3245516779455206,0.8046825860302933,0.09437539704856839,False,False,orf_A549_short,orf,A549,short,48
ccsbBroad304_06221,0.03292687517100133,0.07735108496260792,0.9108598579994256,0.04054843705485922,False,False,orf_A549_short,orf,A549,short,48
ccsbBroad304_06237,0.04793297305229797,0.2297970113928463,0.8403855642041868,0.07552141633308852,False,False,orf_A549_short,orf,A549,short,48
ccsbBroad304_06272,0.29047619047619044,1.116185679939107,0.4081436537312064,0.38918695200284464,False,False,orf_A549_short,orf,A549,short,48
ccsbBroad304_06343,0.1540755404725993,0.8322156404443725,0.4905272119579199,0.30933689516403484,False,False,orf_A549_short,orf,A549,short,48
ccsbBroad304_06353,0.04868987829769278,0.23172303766126284,0.8403855642041868,0.07552141633308852,False,False,orf_A549_short,orf,A549,short,48
ccsbBroad304_06365,0.07153687232468744,0.42717222924197085,0.747924511441187,0.12614223357798965,False,False,orf_A549_short,orf,A549,short,48
ccsbBroad304_06403,0.03458115078222017,0.09819136187800757,0.8972816549147012,0.047071211387278454,False,False,orf_A549_short,orf,A549,short,48
ccsbBroad304_06412,0.06330357142857143,0.36341826075043593,0.7886147800672343,0.10313508772248275,False,False,orf_A549_short,orf,A549,short,48
ccsbBroad304_06451,0.042229399193631285,0.18324513162568554,0.8403855642041868,0.07552141633308852,False,False,orf_A549_short,orf,A549,short,48
ccsbBroad304_06464,0.172430173992674,0.8903002184780571,0.4621750297664883,0.3351935221359454,False,False,orf_A549_short,orf,A549,short,48
ccsbBroad304_06483,0.055380301243304335,0.31259216710762777,0.8046825860302933,0.09437539704856839,False,False,orf_A549_short,orf,A549,short,48
ccsbBroad304_06588,0.08892322954822954,0.5683429571484842,0.6549876178110404,0.183766910034428,False,False,orf_A549_short,orf,A549,short,48
ccsbBroad304_06701,0.3470300644695806,1.4288375082120306,0.2916175771727651,0.5351863025794539,True,False,orf_A549_short,orf,A549,short,48
ccsbBroad304_06754,0.052271858090267284,0.2882546004825328,0.8046825860302933,0.09437539704856839,False,False,orf_A549_short,orf,A549,short,48
ccsbBroad304_06755,0.133941348003848,0.7452890449392049,0.5228639695425611,0.28161128429001975,False,False,orf_A549_short,orf,A549,short,48
ccsbBroad304_06811,0.045902490366776086,0.21798366346976983,0.8403855642041868,0.07552141633308852,False,False,orf_A549_short,orf,A549,short,48
ccsbBroad304_06874,0.04324443738656207,0.19427851338336932,0.8403855642041868,0.07552141633308852,False,False,orf_A549_short,orf,A549,short,48
ccsbBroad304_06884,0.05258907606410951,0.28146204040571277,0.8046825860302933,0.09437539704856839,False,False,orf_A549_short,orf,A549,short,48
ccsbBroad304_06908,0.05118848519114577,0.26988986448737784,0.8171079882598139,0.087720543704836,False,False,orf_A549_short,orf,A549,short,48
ccsbBroad304_07061,0.12447436319718928,0.7382034425494748,0.5228639695425611,0.28161128429001975,False,False,orf_A549_short,orf,A549,short,48
ccsbBroad304_07194,0.44940476190476186,1.9034145672395368,0.18490121703136134,0.7330602302780089,True,False,orf_A549_short,orf,A549,short,48
ccsbBroad304_07311,0.0378043448538443,0.13186931910044702,0.8748163576803019,0.05808310493952837,False,False,orf_A549_short,orf,A549,short,48
ccsbBroad304_07535,0.18169261294261296,0.891151673913023,0.4621750297664883,0.3351935221359454,False,False,orf_A549_short,orf,A549,short,48
ccsbBroad304_07557,0.02792084607445433,0.02338356696121597,0.9765670882244093,0.010297916180689618,False,False,orf_A549_short,orf,A549,short,48
ccsbBroad304_07795,0.05454354503356426,0.3099776191825524,0.8046825860302933,0.09437539704856839,False,False,orf_A549_short,orf,A549,short,48
ccsbBroad304_08590,0.09163919413919414,0.5756368539103628,0.6539879887928215,0.18443022789729357,False,False,orf_A549_short,orf,A549,short,48
ccsbBroad304_08873,0.4126488095238095,1.7131298645443254,0.21657222723645567,0.664397237144197,True,False,orf_A549_short,orf,A549,short,48
ccsbBroad304_10688,0.03926000691408165,0.14926833741244414,0.853100122417864,0.06899999572360518,False,False,orf_A549_short,orf,A549,short,48
ccsbBroad304_10895,0.08885435642788583,0.5232897598545676,0.6615483238931915,0.1794384265579153,False,False,orf_A549_short,orf,A549,short,48
ccsbBroad304_10934,0.06716455867601512,0.42037720780914173,0.7503394074331431,0.12474224403186665,False,False,orf_A549_short,orf,A549,short,48
ccsbBroad304_11023,0.5126766615737204,2.011596538098992,0.17309356996549186,0.7617190648823922,True,False,orf_A549_short,orf,A549,short,48
ccsbBroad304_11445,0.04341139146516995,0.1877760889433303,0.8403855642041868,0.07552141633308852,False,False,orf_A549_short,orf,A549,short,48
ccsbBroad304_11738,0.2548115079365079,1.1625382456141653,0.4044581983846668,0.3931263569910901,False,False,orf_A549_short,orf,A549,short,48
ccsbBroad304_14525,0.06253288925986294,0.35863148092786146,0.7886147800672343,0.10313508772248275,False,False,orf_A549_short,orf,A549,short,48
ccsbBroad304_14538,0.028058637990776788,0.023946728695122443,0.9765670882244093,0.010297916180689618,False,False,orf_A549_short,orf,A549,short,48
ccsbBroad304_14540,0.34615975422427037,1.3890854326623279,0.29620384310514636,0.5284093110122077,True,False,orf_A549_short,orf,A549,short,48
ccsbBroad304_14554,0.21640406162464987,0.9287155999405625,0.4621750297664883,0.3351935221359454,False,False,orf_A549_short,orf,A549,short,48
ccsbBroad304_14572,0.22388129888129887,1.0576286869473406,0.4121092652525245,0.3849876213336709,False,False,orf_A549_short,orf,A549,short,48
ccsbBroad304_14579,0.03387602136130784,0.08791628548405683,0.8983993116037484,0.04653058952354427,False,False,orf_A549_short,orf,A549,short,48
ccsbBroad304_14597,0.040650330949243994,0.1655138764577911,0.8403855642041868,0.07552141633308852,False,False,orf_A549_short,orf,A549,short,48
ccsbBroad304_14631,0.2288259144237405,1.0138786847152488,0.4427649698669371,0.35382674640959966,False,False,orf_A549_short,orf,A549,short,48
ccsbBroad304_14635,0.38492788461538463,1.3523180519565265,0.29620384310514636,0.5284093110122077,True,False,orf_A549_short,orf,A549,short,48
ccsbBroad304_14644,0.17078969745793052,0.7827060962924438,0.5228639695425611,0.28161128429001975,False,False,orf_A549_short,orf,A549,short,48
ccsbBroad304_14671,0.09607648615001556,0.595320416947932,0.6347746748955677,0.19738040827589443,False,False,orf_A549_short,orf,A549,short,48
ccsbBroad304_14679,0.2932584776334776,1.3619481631697652,0.29620384310514636,0.5284093110122077,True,False,orf_A549_short,orf,A549,short,48
ccsbBroad304_14684,0.08647288346776838,0.5334426617860418,0.6615483238931915,0.1794384265579153,False,False,orf_A549_short,orf,A549,short,48
ccsbBroad304_14688,0.10549519924519925,0.6560110406246427,0.5887862938360687,0.2300423083523615,False,False,orf_A549_short,orf,A549,short,48
ccsbBroad304_14696,0.05928445235133241,0.31722626278038274,0.8046825860302933,0.09437539704856839,False,False,orf_A549_short,orf,A549,short,48
ccsbBroad304_14720,0.5222222222222223,2.296355921332725,0.16173129238649442,0.791205943012819,True,False,orf_A549_short,orf,A549,short,48
ccsbBroad304_14724,0.035160703229858675,0.1024780419739972,0.8972816549147012,0.047071211387278454,False,False,orf_A549_short,orf,A549,short,48
ccsbBroad304_14741,0.048947714603907885,0.24852470214103045,0.8332382472884453,0.07923080328852086,False,False,orf_A549_short,orf,A549,short,48
ccsbBroad304_14762,0.03416679494249497,0.09314968991207823,0.8972816549147012,0.047071211387278454,False,False,orf_A549_short,orf,A549,short,48
ccsbBroad304_14770,0.07069606951686468,0.40181867353859213,0.7503507726406711,0.12473566592936325,False,False,orf_A549_short,orf,A549,short,48
ccsbBroad304_14827,0.13169518460466736,0.7718655818061846,0.5228639695425611,0.28161128429001975,False,False,orf_A549_short,orf,A549,short,48
ccsbBroad304_14931,1.0,5.000004342923105,0.0005333280000533325,3.2730056149868423,True,True,orf_A549_short,orf,A549,short,48
ccsbBroad304_14932,0.03584401519593038,0.11026642479522843,0.8972816549147012,0.047071211387278454,False,False,orf_A549_short,orf,A549,short,48
ccsbBroad304_14989,0.2428309302704464,0.9832840085963785,0.4618845903260835,0.3354665267077411,False,False,orf_A549_short,orf,A549,short,48
ccsbBroad304_16173,0.06403437477542664,0.3764254365545363,0.7819808088473131,0.1068039051421792,False,False,orf_A549_short,orf,A549,short,48
ccsbBroad304_16175,0.0421831545137306,0.1806261531311499,0.8403855642041868,0.07552141633308852,False,False,orf_A549_short,orf,A549,short,48
ccsbBroad304_00008,0.19985959689907057,0.8457194179054498,0.2889172506623821,0.5392265265399665,False,False,orf_U2OS_short,orf,U2OS,short,48
ccsbBroad304_00023,0.7166666666666667,3.0360589753597313,0.006402257996995991,2.1936668287213994,True,True,orf_U2OS_short,orf,U2OS,short,48
ccsbBroad304_00037,0.14479166666666665,0.763891962116531,0.3123400205428936,0.5053723654739714,False,False,orf_U2OS_short,orf,U2OS,short,48
ccsbBroad304_00049,0.8833333333333333,4.050531722158517,0.0007912537028227519,3.1016842446058988,True,True,orf_U2OS_short,orf,U2OS,short,48
ccsbBroad304_00055,0.09491917600373483,0.6063823012393486,0.37431193865587364,0.4267663208693332,False,False,orf_U2OS_short,orf,U2OS,short,48
ccsbBroad304_00129,0.030586803114278117,0.049812822155110785,0.9029216645700378,0.04434992645360864,False,False,orf_U2OS_short,orf,U2OS,short,48
ccsbBroad304_00142,0.038793621711483976,0.1447793151683794,0.7746026030403924,0.11092104790741206,False,False,orf_U2OS_short,orf,U2OS,short,48
ccsbBroad304_00150,0.06679187057693384,0.38054383985983165,0.5237988674054307,0.2808354449716944,False,False,orf_U2OS_short,orf,U2OS,short,48
ccsbBroad304_00155,0.39119397759103636,1.6059918468971341,0.09008976608153195,1.045324540727397,True,False,orf_U2OS_short,orf,U2OS,short,48
ccsbBroad304_00202,0.051630190284282354,0.2730223863374899,0.6274204760908649,0.20244131205178262,False,False,orf_U2OS_short,orf,U2OS,short,48
ccsbBroad304_00221,0.0761752517992843,0.48426908639937294,0.4508626153772637,0.34595577402691663,False,False,orf_U2OS_short,orf,U2OS,short,48
ccsbBroad304_00272,0.6770833333333333,3.203201122148204,0.004771990449026297,2.3213004342261985,True,True,orf_U2OS_short,orf,U2OS,short,48
ccsbBroad304_00277,0.5833333333333333,2.3598669661655833,0.02266725517810116,1.6446010662508999,True,True,orf_U2OS_short,orf,U2OS,short,48
ccsbBroad304_00280,0.03335684504040097,0.0827504025244705,0.8531745301481826,0.06896211803883719,False,False,orf_U2OS_short,orf,U2OS,short,48
ccsbBroad304_00304,0.3506944444444444,1.3482360820084849,0.12925253248010635,0.8885609389004734,True,False,orf_U2OS_short,orf,U2OS,short,48
ccsbBroad304_00305,0.8958333333333333,4.302785563979251,0.0005691233221988072,3.244793617001564,True,True,orf_U2OS_short,orf,U2OS,short,48
ccsbBroad304_00326,0.9583333333333333,4.60223819116648,0.0003867812883285702,3.4125345443414004,True,True,orf_U2OS_short,orf,U2OS,short,48
ccsbBroad304_00331,0.1805944055944056,0.9343283393757389,0.25466612782634823,0.5940288150534928,False,False,orf_U2OS_short,orf,U2OS,short,48
ccsbBroad304_00371,0.40654137529137524,1.6953038098256372,0.07871043564191116,1.1039676838894479,True,False,orf_U2OS_short,orf,U2OS,short,48
ccsbBroad304_00376,0.7083333333333333,3.1147234442170717,0.005584365786004922,2.2530261423833533,True,True,orf_U2OS_short,orf,U2OS,short,48
ccsbBroad304_00396,0.34250992063492064,1.5126230158841873,0.09829398952606931,1.0074730375642813,True,False,orf_U2OS_short,orf,U2OS,short,48
ccsbBroad304_00407,0.07030949034625505,0.4121688514457897,0.5113411145967505,0.29128928623958483,False,False,orf_U2OS_short,orf,U2OS,short,48
ccsbBroad304_00411,0.04570955948910064,0.21716852804454895,0.6882280069594215,0.16226765804400406,False,False,orf_U2OS_short,orf,U2OS,short,48
ccsbBroad304_00454,0.16815476190476192,0.9230875343177175,0.25466612782634823,0.5940288150534928,False,False,orf_U2OS_short,orf,U2OS,short,48
ccsbBroad304_00476,0.09284784371127287,0.568134882011261,0.3931809027482245,0.40540758451356135,False,False,orf_U2OS_short,orf,U2OS,short,48
ccsbBroad304_00477,1.0,5.000004342923105,0.00019999800001999966,3.6989743472591234,True,True,orf_U2OS_short,orf,U2OS,short,48
ccsbBroad304_00494,0.12167221569395482,0.6249451857848713,0.37431193865587364,0.4267663208693332,False,False,orf_U2OS_short,orf,U2OS,short,48
ccsbBroad304_00504,0.16275252525252526,0.8616492055519442,0.2820825197706104,0.5496238255864999,False,False,orf_U2OS_short,orf,U2OS,short,48
ccsbBroad304_00526,0.4571022727272727,1.8720054509570105,0.05455116353222372,1.263195981826597,True,False,orf_U2OS_short,orf,U2OS,short,48
ccsbBroad304_00555,0.04198671236647983,0.18097032938696295,0.7224317051588003,0.14120320251547527,False,False,orf_U2OS_short,orf,U2OS,short,48
ccsbBroad304_00576,0.09088208394563257,0.5603968505322624,0.3966433279902891,0.4015998466629951,False,False,orf_U2OS_short,orf,U2OS,short,48
ccsbBroad304_00607,0.19981150793650795,0.8337912413153984,0.2898725834146737,0.5377928589285038,False,False,orf_U2OS_short,orf,U2OS,short,48
ccsbBroad304_00681,0.0927373958516693,0.5788116302452412,0.3907370532352349,0.40811540307626615,False,False,orf_U2OS_short,orf,U2OS,short,48
ccsbBroad304_00691,0.03449233379573936,0.09671989773731257,0.8369676150945995,0.07729134589898658,False,False,orf_U2OS_short,orf,U2OS,short,48
ccsbBroad304_00733,0.05853627097688697,0.3205094469131164,0.5839010283068523,0.23366075991295585,False,False,orf_U2OS_short,orf,U2OS,short,48
ccsbBroad304_00799,0.19435170807453417,0.9966198280977708,0.23147248842326051,0.6355006194882886,False,False,orf_U2OS_short,orf,U2OS,short,48
ccsbBroad304_00805,0.8958333333333333,4.307107472702791,0.0005691233221988072,3.244793617001564,True,True,orf_U2OS_short,orf,U2OS,short,48
ccsbBroad304_00811,0.3891414141414141,1.588289173669958,0.09175258214325192,1.037381704789377,True,False,orf_U2OS_short,orf,U2OS,short,48
ccsbBroad304_00843,0.07081157798967949,0.4055041574561117,0.5113411145967505,0.29128928623958483,False,False,orf_U2OS_short,orf,U2OS,short,48
ccsbBroad304_00894,0.04385417674045983,0.19157180590621858,0.7098722095437812,0.14881982548526868,False,False,orf_U2OS_short,orf,U2OS,short,48
ccsbBroad304_00900,0.0917890553607871,0.5449293038941614,0.4035913905951603,0.39405810669898833,False,False,orf_U2OS_short,orf,U2OS,short,48
ccsbBroad304_00902,0.02825666163426508,0.02958489587127777,0.9341467434329513,0.02958489587127779,False,False,orf_U2OS_short,orf,U2OS,short,48
ccsbBroad304_00904,0.563392857142857,2.2801419301850387,0.025516137851162354,1.5931850602354267,True,True,orf_U2OS_short,orf,U2OS,short,48
ccsbBroad304_00954,0.925,4.448297873915142,0.000474942312711395,3.3233591373068423,True,True,orf_U2OS_short,orf,U2OS,short,48
ccsbBroad304_01020,0.3896825396825397,1.6321488270321092,0.08679659734908798,1.061497299955771,True,False,orf_U2OS_short,orf,U2OS,short,48
ccsbBroad304_01121,0.1709010785383783,0.8149653732085825,0.29470841390050273,0.5306074649020367,False,False,orf_U2OS_short,orf,U2OS,short,48
ccsbBroad304_01122,0.31136872600421495,1.225203507882061,0.15364724776305286,0.81347521472439,False,False,orf_U2OS_short,orf,U2OS,short,48
ccsbBroad304_01144,1.0,5.000004342923105,0.00019999800001999966,3.6989743472591234,True,True,orf_U2OS_short,orf,U2OS,short,48
ccsbBroad304_01161,0.05615025834096059,0.2825485375771688,0.6229693023099274,0.20553335328605163,False,False,orf_U2OS_short,orf,U2OS,short,48
ccsbBroad304_01213,0.15612599206349204,0.8113459611383806,0.29470841390050273,0.5306074649020367,False,False,orf_U2OS_short,orf,U2OS,short,48
ccsbBroad304_01216,0.14377942472963712,0.6906740714355453,0.35062972149466126,0.4551512732563858,False,False,orf_U2OS_short,orf,U2OS,short,48
ccsbBroad304_01230,0.03365943235704699,0.08907093670274437,0.8463077640387996,0.07247167488328267,False,False,orf_U2OS_short,orf,U2OS,short,48
ccsbBroad304_01282,0.045052020957972595,0.2124539826209423,0.6908402865665617,0.16062234434807404,False,False,orf_U2OS_short,orf,U2OS,short,48
ccsbBroad304_01283,1.0,5.000004342923105,0.00019999800001999966,3.6989743472591234,True,True,orf_U2OS_short,orf,U2OS,short,48
ccsbBroad304_01287,0.3603670634920635,1.5646049211377069,0.09478884465202726,1.0232427701633562,True,False,orf_U2OS_short,orf,U2OS,short,48
ccsbBroad304_01334,0.6956349206349206,3.343005049656049,0.0036314907086595306,2.439915062664105,True,True,orf_U2OS_short,orf,U2OS,short,48
ccsbBroad304_01340,0.03929435600631253,0.14838694371202735,0.7734205446212566,0.11158429580427867,False,False,orf_U2OS_short,orf,U2OS,short,48
ccsbBroad304_01396,0.09948882136382137,0.6408805109658268,0.3694913511233824,0.43239572290745193,False,False,orf_U2OS_short,orf,U2OS,short,48
ccsbBroad304_01404,0.32736568986568987,1.441926299800201,0.10912338096673366,0.9620821867450652,True,False,orf_U2OS_short,orf,U2OS,short,48
ccsbBroad304_01492,0.5372023809523809,2.5006582328938896,0.018042790997960183,1.743696281580184,True,True,orf_U2OS_short,orf,U2OS,short,48
ccsbBroad304_01602,1.0,5.000004342923105,0.00019999800001999966,3.6989743472591234,True,True,orf_U2OS_short,orf,U2OS,short,48
ccsbBroad304_01649,0.9166666666666666,4.204472039409855,0.0005877586399099207,3.230800978132204,True,True,orf_U2OS_short,orf,U2OS,short,48
ccsbBroad304_01666,0.11453130203130203,0.6780144353158877,0.35062972149466126,0.4551512732563858,False,False,orf_U2OS_short,orf,U2OS,short,48
ccsbBroad304_01684,0.5486111111111112,2.230413135904243,0.026921897895187865,1.5698943271986738,True,True,orf_U2OS_short,orf,U2OS,short,48
ccsbBroad304_01690,0.14844852032029132,0.6133295431947814,0.37431193865587364,0.4267663208693332,False,False,orf_U2OS_short,orf,U2OS,short,48
ccsbBroad304_01760,0.060820584294583174,0.3626885630105559,0.538073630932596,0.26915829065388014,False,False,orf_U2OS_short,orf,U2OS,short,48
ccsbBroad304_01768,0.19310966810966812,1.0097640159328298,0.23006314587190008,0.6381529459831413,False,False,orf_U2OS_short,orf,U2OS,short,48
ccsbBroad304_01991,0.03535739653949263,0.10497009077839581,0.826620752099358,0.08269369606724354,False,False,orf_U2OS_short,orf,U2OS,short,48
ccsbBroad304_02128,1.0,5.000004342923105,0.00019999800001999966,3.6989743472591234,True,True,orf_U2OS_short,orf,U2OS,short,48
ccsbBroad304_02129,0.619047619047619,2.357359355072552,0.02266725517810116,1.6446010662508999,True,True,orf_U2OS_short,orf,U2OS,short,48
ccsbBroad304_02392,0.9583333333333333,4.60223819116648,0.0003867812883285702,3.4125345443414004,True,True,orf_U2OS_short,orf,U2OS,short,48
ccsbBroad304_02415,0.6114926739926739,2.4145555025743226,0.021240585412657276,1.672833517817354,True,True,orf_U2OS_short,orf,U2OS,short,48
ccsbBroad304_02416,0.10712496315944592,0.6770000228727422,0.35062972149466126,0.4551512732563858,False,False,orf_U2OS_short,orf,U2OS,short,48
ccsbBroad304_02705,0.30514346764346767,1.3159142885457709,0.13328390260051398,0.8752222994527834,True,False,orf_U2OS_short,orf,U2OS,short,48
ccsbBroad304_02813,0.14669432419432418,0.8104481614960798,0.29470841390050273,0.5306074649020367,False,False,orf_U2OS_short,orf,U2OS,short,48
ccsbBroad304_02826,0.04912756938132878,0.2517876436018641,0.6493117360649819,0.18754674734717583,False,False,orf_U2OS_short,orf,U2OS,short,48
ccsbBroad304_03026,0.38621933621933624,1.673610440921752,0.08077189114933538,1.0927397486637278,True,False,orf_U2OS_short,orf,U2OS,short,48
ccsbBroad304_03155,0.20046977124183005,1.034450925781895,0.2218973915490635,0.6538478029618014,False,False,orf_U2OS_short,orf,U2OS,short,48
ccsbBroad304_03441,0.09633724366808193,0.5845871192605641,0.389178720323133,0.4098509142898489,False,False,orf_U2OS_short,orf,U2OS,short,48
ccsbBroad304_03827,0.1553888520483348,0.795124358480826,0.3017009644297086,0.5204233015391939,False,False,orf_U2OS_short,orf,U2OS,short,48
ccsbBroad304_03876,0.3361723235393448,1.2943417878573191,0.13769754050940347,0.8610738168435386,False,False,orf_U2OS_short,orf,U2OS,short,48
ccsbBroad304_03934,0.38230544214000095,1.5314640253683742,0.09604170851708756,1.017540122740963,True,False,orf_U2OS_short,orf,U2OS,short,48
ccsbBroad304_03976,0.06458150571053797,0.38047174482165586,0.5237988674054307,0.2808354449716944,False,False,orf_U2OS_short,orf,U2OS,short,48
ccsbBroad304_04505,0.0681592712842713,0.4174863814762412,0.5113411145967505,0.29128928623958483,False,False,orf_U2OS_short,orf,U2OS,short,48
ccsbBroad304_04829,0.03855763194439006,0.1409118348015998,0.7753446395559401,0.11050521131654302,False,False,orf_U2OS_short,orf,U2OS,short,48
ccsbBroad304_04933,0.0572902954888249,0.32864930531579434,0.5774672047763565,0.23847267496670635,False,False,orf_U2OS_short,orf,U2OS,short,48
ccsbBroad304_05206,0.31180555555555556,1.2465806412026605,0.151143018409761,0.8206119089303794,False,False,orf_U2OS_short,orf,U2OS,short,48
ccsbBroad304_05439,0.11171615314057173,0.6084444959001368,0.37431193865587364,0.4267663208693332,False,False,orf_U2OS_short,orf,U2OS,short,48
ccsbBroad304_05555,0.12356601731601731,0.7286287552846984,0.32486535589087623,0.48829659997432884,False,False,orf_U2OS_short,orf,U2OS,short,48
ccsbBroad304_05777,0.0507934559406077,0.2601167356875762,0.64162707211517,0.19271732018805818,False,False,orf_U2OS_short,orf,U2OS,short,48
ccsbBroad304_05782,0.6091269841269842,2.6075781127508835,0.014627769416071443,1.834821894253946,True,True,orf_U2OS_short,orf,U2OS,short,48
ccsbBroad304_05785,0.03817209433743357,0.13853393491678653,0.7753446395559401,0.11050521131654302,False,False,orf_U2OS_short,orf,U2OS,short,48
ccsbBroad304_05821,0.48819444444444443,2.278791103013464,0.025516137851162354,1.5931850602354267,True,True,orf_U2OS_short,orf,U2OS,short,48
ccsbBroad304_05921,0.526973864258347,2.1947942258725393,0.02761366378487001,1.5588759672836094,True,True,orf_U2OS_short,orf,U2OS,short,48
ccsbBroad304_05926,0.2176975801975802,1.050577128092279,0.2190935023644573,0.6593705020792099,False,False,orf_U2OS_short,orf,U2OS,short,48
ccsbBroad304_06018,0.12107126941685764,0.7368358446317715,0.32228696872202856,0.4917572542969404,False,False,orf_U2OS_short,orf,U2OS,short,48
ccsbBroad304_06071,0.6958333333333333,2.8634904578961513,0.009128896496009438,2.0395817169518327,True,True,orf_U2OS_short,orf,U2OS,short,48
ccsbBroad304_06085,0.05502658595489478,0.301145531607697,0.6058993963887847,0.21759948015762204,False,False,orf_U2OS_short,orf,U2OS,short,48
ccsbBroad304_06088,0.08423023126970496,0.5273716744764383,0.4130955035686325,0.3839495321741252,False,False,orf_U2OS_short,orf,U2OS,short,48
ccsbBroad304_06138,0.33453282828282827,1.4138369809957714,0.11425869035833483,0.9421107581628152,True,False,orf_U2OS_short,orf,U2OS,short,48
ccsbBroad304_06188,0.2155310725688877,0.9147169890984905,0.25620606203539587,0.5914105987233571,False,False,orf_U2OS_short,orf,U2OS,short,48
ccsbBroad304_06221,0.03296067970795221,0.07766629448977276,0.8576875180254512,0.06667091018830955,False,False,orf_U2OS_short,orf,U2OS,short,48
ccsbBroad304_06237,0.12218997400449014,0.6792982914942112,0.35062972149466126,0.4551512732563858,False,False,orf_U2OS_short,orf,U2OS,short,48
ccsbBroad304_06272,0.9166666666666666,4.204472039409855,0.0005877586399099207,3.230800978132204,True,True,orf_U2OS_short,orf,U2OS,short,48
ccsbBroad304_06343,0.1628617216117216,0.8829454961504424,0.2720719450006808,0.5653162386669994,False,False,orf_U2OS_short,orf,U2OS,short,48
ccsbBroad304_06353,0.04905086007059691,0.2475950089116048,0.6508938580632486,0.18648982650977508,False,False,orf_U2OS_short,orf,U2OS,short,48
ccsbBroad304_06365,0.131084876222176,0.7548392443879721,0.31263545527809644,0.5049617711713722,False,False,orf_U2OS_short,orf,U2OS,short,48
ccsbBroad304_06403,0.9583333333333333,4.5752618418391,0.0003867812883285702,3.4125345443414004,True,True,orf_U2OS_short,orf,U2OS,short,48
ccsbBroad304_06412,0.13575813554261829,0.7867660864334084,0.30398730348060826,0.5171445550210514,False,False,orf_U2OS_short,orf,U2OS,short,48
ccsbBroad304_06451,0.3069128787878788,1.3444928945501977,0.12925253248010635,0.8885609389004734,True,False,orf_U2OS_short,orf,U2OS,short,48
ccsbBroad304_06464,0.481547619047619,1.8652559731545595,0.05455116353222372,1.263195981826597,True,False,orf_U2OS_short,orf,U2OS,short,48
ccsbBroad304_06483,0.050883838383838385,0.27436048871764873,0.6274204760908649,0.20244131205178262,False,False,orf_U2OS_short,orf,U2OS,short,48
ccsbBroad304_06588,0.11695287591639997,0.5744485270163932,0.39106140628884156,0.40775504230109205,False,False,orf_U2OS_short,orf,U2OS,short,48
ccsbBroad304_06701,0.5370879120879121,2.14214405579873,0.030352350609175637,1.5178076697596155,True,True,orf_U2OS_short,orf,U2OS,short,48
ccsbBroad304_06754,0.10874671940848411,0.6090353951601128,0.37431193865587364,0.4267663208693332,False,False,orf_U2OS_short,orf,U2OS,short,48
ccsbBroad304_06755,0.12011770749575627,0.6163246357737117,0.37431193865587364,0.4267663208693332,False,False,orf_U2OS_short,orf,U2OS,short,48
ccsbBroad304_06811,0.7648809523809523,3.634068039378497,0.0019556824672946455,2.7087016576754013,True,True,orf_U2OS_short,orf,U2OS,short,48
ccsbBroad304_06874,0.21717409052935369,0.9389446757806059,0.25466612782634823,0.5940288150534928,False,False,orf_U2OS_short,orf,U2OS,short,48
ccsbBroad304_06884,0.06826759303783184,0.3777454579797508,0.5237988674054307,0.2808354449716944,False,False,orf_U2OS_short,orf,U2OS,short,48
ccsbBroad304_06908,0.030942353217062516,0.05436078350036084,0.8992067260382974,0.046140453253669805,False,False,orf_U2OS_short,orf,U2OS,short,48
ccsbBroad304_07061,0.12781211843711843,0.7725818249474995,0.31046947343430464,0.5079810949101933,False,False,orf_U2OS_short,orf,U2OS,short,48
ccsbBroad304_07194,0.36279761904761904,1.4715964591728032,0.10387718686857644,0.9834798201516776,True,False,orf_U2OS_short,orf,U2OS,short,48
ccsbBroad304_07311,0.047148695760945755,0.2278098545980933,0.6763665050600176,0.16981790762040652,False,False,orf_U2OS_short,orf,U2OS,short,48
ccsbBroad304_07535,0.17268905611296917,0.8334278227057789,0.2898725834146737,0.5377928589285038,False,False,orf_U2OS_short,orf,U2OS,short,48
ccsbBroad304_07557,0.04412040602954468,0.19861824216404242,0.7082159493213795,0.14983429697317951,False,False,orf_U2OS_short,orf,U2OS,short,48
ccsbBroad304_07795,0.02874768964470181,0.030858425296452205,0.9341467434329513,0.02958489587127779,False,False,orf_U2OS_short,orf,U2OS,short,48
ccsbBroad304_08590,0.06873778998778998,0.4112087089136494,0.5113411145967505,0.29128928623958483,False,False,orf_U2OS_short,orf,U2OS,short,48
ccsbBroad304_08873,0.0979499200769362,0.6055804382604877,0.37431193865587364,0.4267663208693332,False,False,orf_U2OS_short,orf,U2OS,short,48
ccsbBroad304_10688,0.08979968903270119,0.5469899184241966,0.4035913905951603,0.39405810669898833,False,False,orf_U2OS_short,orf,U2OS,short,48
ccsbBroad304_10895,0.37321428571428567,1.5377396841049848,0.09604170851708756,1.017540122740963,True,False,orf_U2OS_short,orf,U2OS,short,48
ccsbBroad304_10934,0.17529558404558404,0.9256990754310729,0.25466612782634823,0.5940288150534928,False,False,orf_U2OS_short,orf,U2OS,short,48
ccsbBroad304_11023,0.48762254901960783,2.214190945083105,0.027141043231776706,1.5663734631944675,True,True,orf_U2OS_short,orf,U2OS,short,48
ccsbBroad304_11445,0.03689256565918125,0.12294319581685231,0.7983619670706986,0.097800160454097,False,False,orf_U2OS_short,orf,U2OS,short,48
ccsbBroad304_11738,0.26617514430014433,1.1805835427468252,0.1649515747222816,0.7826435340747876,False,False,orf_U2OS_short,orf,U2OS,short,48
ccsbBroad304_14525,0.9166666666666666,4.204472039409855,0.0005877586399099207,3.230800978132204,True,True,orf_U2OS_short,orf,U2OS,short,48
ccsbBroad304_14538,1.0,5.000004342923105,0.00019999800001999966,3.6989743472591234,True,True,orf_U2OS_short,orf,U2OS,short,48
ccsbBroad304_14540,0.46960227272727273,2.229946265504323,0.026921897895187865,1.5698943271986738,True,True,orf_U2OS_short,orf,U2OS,short,48
ccsbBroad304_14554,0.13302393171344784,0.7601023414849833,0.3123400205428936,0.5053723654739714,False,False,orf_U2OS_short,orf,U2OS,short,48
ccsbBroad304_14572,0.2833333333333333,1.2092257963905042,0.15687496315096963,0.8044463631881611,False,False,orf_U2OS_short,orf,U2OS,short,48
ccsbBroad304_14579,0.06668602028945461,0.3885868834916023,0.5237988674054307,0.2808354449716944,False,False,orf_U2OS_short,orf,U2OS,short,48
ccsbBroad304_14597,0.07619180550632162,0.4818898949366798,0.4508626153772637,0.34595577402691663,False,False,orf_U2OS_short,orf,U2OS,short,48
ccsbBroad304_14631,0.19061630234230853,0.9888788363690796,0.23147248842326051,0.6355006194882886,False,False,orf_U2OS_short,orf,U2OS,short,48
ccsbBroad304_14635,1.0,5.000004342923105,0.00019999800001999966,3.6989743472591234,True,True,orf_U2OS_short,orf,U2OS,short,48
ccsbBroad304_14644,0.3862689393939394,1.5429050734301557,0.09604170851708756,1.017540122740963,True,False,orf_U2OS_short,orf,U2OS,short,48
ccsbBroad304_14671,0.08756659503942113,0.5412732380184405,0.4035913905951603,0.39405810669898833,False,False,orf_U2OS_short,orf,U2OS,short,48
ccsbBroad304_14679,0.07095154242285864,0.41609438115566666,0.5113411145967505,0.29128928623958483,False,False,orf_U2OS_short,orf,U2OS,short,48
ccsbBroad304_14684,0.05461426886884394,0.28754380917546757,0.6204753497368495,0.20727546748662865,False,False,orf_U2OS_short,orf,U2OS,short,48
ccsbBroad304_14688,0.04336673241564546,0.19257828394852178,0.7098722095437812,0.14881982548526868,False,False,orf_U2OS_short,orf,U2OS,short,48
ccsbBroad304_14696,0.2728622904456862,1.2274950094845383,0.15364724776305286,0.81347521472439,False,False,orf_U2OS_short,orf,U2OS,short,48
ccsbBroad304_14720,0.6625,2.6297121044312606,0.014435589718607256,1.8405654697461538,True,True,orf_U2OS_short,orf,U2OS,short,48
ccsbBroad304_14724,0.2375436827956989,1.0318929829168997,0.2218973915490635,0.6538478029618014,False,False,orf_U2OS_short,orf,U2OS,short,48
ccsbBroad304_14741,0.06464324418271787,0.3863372433201704,0.5237988674054307,0.2808354449716944,False,False,orf_U2OS_short,orf,U2OS,short,48
ccsbBroad304_14762,0.10593253968253968,0.6633348850531228,0.3544532982640884,0.45044097808969286,False,False,orf_U2OS_short,orf,U2OS,short,48
ccsbBroad304_14770,0.3251082251082251,1.3169866174349099,0.13328390260051398,0.8752222994527834,True,False,orf_U2OS_short,orf,U2OS,short,48
ccsbBroad304_14827,0.21085734189182465,0.9883622534251382,0.23147248842326051,0.6355006194882886,False,False,orf_U2OS_short,orf,U2OS,short,48
ccsbBroad304_14931,0.638095238095238,2.8385021037987195,0.009282775988046393,2.0323221298148324,True,True,orf_U2OS_short,orf,U2OS,short,48
ccsbBroad304_14932,0.06760259535062421,0.40718512148617564,0.5113411145967505,0.29128928623958483,False,False,orf_U2OS_short,orf,U2OS,short,48
ccsbBroad304_14989,0.3443452380952381,1.4827893016330986,0.10321920384446416,0.9862394950751101,True,False,orf_U2OS_short,orf,U2OS,short,48
ccsbBroad304_16173,1.0,5.000004342923105,0.00019999800001999966,3.6989743472591234,True,True,orf_U2OS_short,orf,U2OS,short,48
ccsbBroad304_16175,0.10958646616541354,0.6682179121391632,0.3541035952775193,0.45086966374948323,False,False,orf_U2OS_short,orf,U2OS,short,48
ccsbBroad304_00008,0.23131363529476898,0.931899515122511,0.29763787911370965,0.5263117987874015,False,False,orf_U2OS_long,orf,U2OS,long,96
ccsbBroad304_00023,0.6108974358974358,2.383695355513054,0.041333734400703696,1.383695355513054,True,True,orf_U2OS_long,orf,U2OS,long,96
ccsbBroad304_00037,0.2389825767263427,1.1174840495472822,0.24545591418593982,0.6100264992439864,False,False,orf_U2OS_long,orf,U2OS,long,96
ccsbBroad304_00049,0.875,4.002186745624329,0.0022742342567582787,2.6431648029826613,True,True,orf_U2OS_long,orf,U2OS,long,96
ccsbBroad304_00055,0.1296381043349293,0.6994744625718874,0.3897908746667074,0.40916833229967925,False,False,orf_U2OS_long,orf,U2OS,long,96
ccsbBroad304_00129,0.3495539406829729,1.4173500969241954,0.1610594787125757,0.7930137108850808,True,False,orf_U2OS_long,orf,U2OS,long,96
ccsbBroad304_00142,0.050789673616962426,0.2638590561324859,0.6455459458649098,0.1900728419715672,False,False,orf_U2OS_long,orf,U2OS,long,96
ccsbBroad304_00150,0.06182173627026567,0.37829903577282353,0.5651246569260341,0.24785574360759496,False,False,orf_U2OS_long,orf,U2OS,long,96
ccsbBroad304_00155,0.19155719759168036,0.9245699863651342,0.29763787911370965,0.5263117987874015,False,False,orf_U2OS_long,orf,U2OS,long,96
ccsbBroad304_00202,0.27708333333333335,1.162932167544793,0.2290585872050215,0.6400534222644554,False,False,orf_U2OS_long,orf,U2OS,long,96
ccsbBroad304_00221,0.04618242210256634,0.2242008221287271,0.68775261040118,0.16256775254761868,False,False,orf_U2OS_long,orf,U2OS,long,96
ccsbBroad304_00272,0.43415032679738563,1.765138879383759,0.10081318028767372,0.9964826846364763,True,False,orf_U2OS_long,orf,U2OS,long,96
ccsbBroad304_00277,0.15405982905982907,0.8535897430359519,0.3296258987301184,0.4819786730862634,False,False,orf_U2OS_long,orf,U2OS,long,96
ccsbBroad304_00280,0.0548551861051861,0.306447210405092,0.6043885087432814,0.2186838015084355,False,False,orf_U2OS_long,orf,U2OS,long,96
ccsbBroad304_00304,0.19106060606060607,0.954043837101843,0.29763787911370965,0.5263117987874015,False,False,orf_U2OS_long,orf,U2OS,long,96
ccsbBroad304_00305,0.5796717171717172,2.30784321554619,0.04614633985029377,1.335862739835436,True,True,orf_U2OS_long,orf,U2OS,long,96
ccsbBroad304_00326,0.1263319187203913,0.6205157432617421,0.41669319881807637,0.3801835879513726,False,False,orf_U2OS_long,orf,U2OS,long,96
ccsbBroad304_00331,0.20272067117045167,0.9618695598988156,0.29763787911370965,0.5263117987874015,False,False,orf_U2OS_long,orf,U2OS,long,96
ccsbBroad304_00371,0.43371813371813367,1.8300515782091173,0.09859551566205513,1.0061428372647985,True,False,orf_U2OS_long,orf,U2OS,long,96
ccsbBroad304_00376,0.36543560606060604,1.43158376937315,0.16007904665687134,0.7956655107842201,True,False,orf_U2OS_long,orf,U2OS,long,96
ccsbBroad304_00396,0.14715329422791265,0.7347545084281689,0.37502472762906913,0.4259400956888098,False,False,orf_U2OS_long,orf,U2OS,long,96
ccsbBroad304_00407,0.06810760294455948,0.34953557404456587,0.5723667485127487,0.2423256043966975,False,False,orf_U2OS_long,orf,U2OS,long,96
ccsbBroad304_00411,0.0612283661678823,0.3687171686132209,0.5651246569260341,0.24785574360759496,False,False,orf_U2OS_long,orf,U2OS,long,96
ccsbBroad304_00454,0.12124362868314481,0.7324329870542932,0.37502472762906913,0.4259400956888098,False,False,orf_U2OS_long,orf,U2OS,long,96
ccsbBroad304_00476,0.1726148593408655,0.9571279452951486,0.29763787911370965,0.5263117987874015,False,False,orf_U2OS_long,orf,U2OS,long,96
ccsbBroad304_00477,0.9583333333333333,4.553671884170413,0.0008942894227605692,3.048521905850507,True,True,orf_U2OS_long,orf,U2OS,long,96
ccsbBroad304_00494,0.03372123099631526,0.08679761807102049,0.839842341464347,0.07580223376955728,False,False,orf_U2OS_long,orf,U2OS,long,96
ccsbBroad304_00504,0.05009755345025755,0.25136457178131627,0.654688698044386,0.18396515628179827,False,False,orf_U2OS_long,orf,U2OS,long,96
ccsbBroad304_00526,0.4245879120879121,1.7626208367580278,0.10081318028767372,0.9964826846364763,True,False,orf_U2OS_long,orf,U2OS,long,96
ccsbBroad304_00555,0.0589787386526517,0.3534792919388617,0.5723667485127487,0.2423256043966975,False,False,orf_U2OS_long,orf,U2OS,long,96
ccsbBroad304_00576,0.10941990577292808,0.6832851057687108,0.39031563757783705,0.40858404882707877,False,False,orf_U2OS_long,orf,U2OS,long,96
ccsbBroad304_00607,0.05512091466038835,0.2810343388617063,0.6298454593732323,0.20076599717286736,False,False,orf_U2OS_long,orf,U2OS,long,96
ccsbBroad304_00681,0.10273268398268398,0.6473512764822683,0.40492883083239284,0.3926213004712563,False,False,orf_U2OS_long,orf,U2OS,long,96
ccsbBroad304_00691,0.19892872827655436,0.9968724675471624,0.29763787911370965,0.5263117987874015,False,False,orf_U2OS_long,orf,U2OS,long,96
ccsbBroad304_00733,0.06166286311985927,0.36797270549010336,0.5651246569260341,0.24785574360759496,False,False,orf_U2OS_long,orf,U2OS,long,96
ccsbBroad304_00799,0.05737638720814471,0.33337870383031504,0.5801379943501161,0.2364686908222587,False,False,orf_U2OS_long,orf,U2OS,long,96
ccsbBroad304_00805,1.0,5.000004342923105,0.0003999960000399993,3.397944351595142,True,True,orf_U2OS_long,orf,U2OS,long,96
ccsbBroad304_00811,0.08098627948372193,0.4764309053804223,0.49757927215950276,0.30313771950342466,False,False,orf_U2OS_long,orf,U2OS,long,96
ccsbBroad304_00843,0.04654096299342255,0.21693773388955265,0.6885938444746845,0.1620368638890078,False,False,orf_U2OS_long,orf,U2OS,long,96
ccsbBroad304_00894,0.09636141636141637,0.5903385296032257,0.42806549289743767,0.3684897799868694,False,False,orf_U2OS_long,orf,U2OS,long,96
ccsbBroad304_00900,0.04156551748094723,0.1728999859709805,0.7260362104081076,0.13904171871001308,False,False,orf_U2OS_long,orf,U2OS,long,96
ccsbBroad304_00902,0.039265282197063135,0.149058310622442,0.7567813362979067,0.12102958702219842,False,False,orf_U2OS_long,orf,U2OS,long,96
ccsbBroad304_00904,0.7583333333333333,3.5617242985182402,0.005486630294755091,2.260694302854259,True,True,orf_U2OS_long,orf,U2OS,long,96
ccsbBroad304_00954,1.0,5.000004342923105,0.0003999960000399993,3.397944351595142,True,True,orf_U2OS_long,orf,U2OS,long,96
ccsbBroad304_01020,0.3694078947368421,1.5376801072554827,0.14160549825212387,0.8489198835516238,True,False,orf_U2OS_long,orf,U2OS,long,96
ccsbBroad304_01121,0.07731225412677024,0.46576360852414134,0.49757927215950276,0.30313771950342466,False,False,orf_U2OS_long,orf,U2OS,long,96
ccsbBroad304_01122,0.45029761904761906,1.7537507531247711,0.10081318028767372,0.9964826846364763,True,False,orf_U2OS_long,orf,U2OS,long,96
ccsbBroad304_01144,0.6518939393939394,2.8810395352913716,0.017534734777194774,1.7561007986830717,True,True,orf_U2OS_long,orf,U2OS,long,96
ccsbBroad304_01161,0.03143645644222166,0.06312313484601582,0.875668567611533,0.05766023914451363,False,False,orf_U2OS_long,orf,U2OS,long,96
ccsbBroad304_01213,0.10279008505111446,0.6005406491053598,0.4225282279360786,0.3741442717382828,False,False,orf_U2OS_long,orf,U2OS,long,96
ccsbBroad304_01216,0.16500575609031493,0.8548950013350793,0.3296258987301184,0.4819786730862634,False,False,orf_U2OS_long,orf,U2OS,long,96
ccsbBroad304_01230,0.02860234383610092,0.029566638490937044,0.9341860150138606,0.02956663849093706,False,False,orf_U2OS_long,orf,U2OS,long,96
ccsbBroad304_01282,0.27161858974358977,1.2193804548224016,0.2145492565953534,0.6684729859418206,False,False,orf_U2OS_long,orf,U2OS,long,96
ccsbBroad304_01283,0.5830421842650103,2.622251033924371,0.025455268932400396,1.5942223103241278,True,True,orf_U2OS_long,orf,U2OS,long,96
ccsbBroad304_01287,0.13356294081324366,0.7198075981927023,0.37655408693539344,0.42417263441542724,False,False,orf_U2OS_long,orf,U2OS,long,96
ccsbBroad304_01334,0.08494795949029357,0.5286656579163971,0.47364649159751826,0.3245456752604723,False,False,orf_U2OS_long,orf,U2OS,long,96
ccsbBroad304_01340,0.02897928769820474,0.036052544004869645,0.9261265066850808,0.03332968566939633,False,False,orf_U2OS_long,orf,U2OS,long,96
ccsbBroad304_01396,0.03560020366575435,0.10869102534978001,0.8140357792109425,0.08935650620123044,False,False,orf_U2OS_long,orf,U2OS,long,96
ccsbBroad304_01404,0.10446116383616383,0.6491388376213478,0.40492883083239284,0.3926213004712563,False,False,orf_U2OS_long,orf,U2OS,long,96
ccsbBroad304_01492,0.04297808238127787,0.18894988464330428,0.7190157279399634,0.14326160964099702,False,False,orf_U2OS_long,orf,U2OS,long,96
ccsbBroad304_01602,0.3331439393939394,1.4354789419748326,0.16007904665687134,0.7956655107842201,True,False,orf_U2OS_long,orf,U2OS,long,96
ccsbBroad304_01649,0.38988095238095233,1.5540439611859653,0.14160549825212387,0.8489198835516238,True,False,orf_U2OS_long,orf,U2OS,long,96
ccsbBroad304_01666,0.04237290133936993,0.1860135900619469,0.7190157279399634,0.14326160964099702,False,False,orf_U2OS_long,orf,U2OS,long,96
ccsbBroad304_01684,0.71875,3.0561687978895495,0.014401416226068501,1.841594797562846,True,True,orf_U2OS_long,orf,U2OS,long,96
ccsbBroad304_01690,0.19518879780273252,0.7762393957694248,0.36195023851762204,0.44135113284447625,False,False,orf_U2OS_long,orf,U2OS,long,96
ccsbBroad304_01760,0.3063428401663696,1.1834542564285444,0.22313508790547978,0.6514321317083371,False,False,orf_U2OS_long,orf,U2OS,long,96
ccsbBroad304_01768,0.19609398595590455,0.8146090446579037,0.338488093272036,0.47045660354368113,False,False,orf_U2OS_long,orf,U2OS,long,96
ccsbBroad304_01991,0.24924068986568987,1.1151764775638924,0.24545591418593982,0.6100264992439864,False,False,orf_U2OS_long,orf,U2OS,long,96
ccsbBroad304_02128,0.44668197656002534,1.7486694107036618,0.10081318028767372,0.9964826846364763,True,False,orf_U2OS_long,orf,U2OS,long,96
ccsbBroad304_02129,0.13287563131313132,0.7668271023634763,0.36494852851582693,0.43776838309925153,False,False,orf_U2OS_long,orf,U2OS,long,96
ccsbBroad304_02392,0.4640196746009816,2.0347496777300202,0.0644612994585048,1.1907009439063745,True,False,orf_U2OS_long,orf,U2OS,long,96
ccsbBroad304_02415,0.6273809523809524,2.6884079943179646,0.023419841560220995,1.6304160473402778,True,True,orf_U2OS_long,orf,U2OS,long,96
ccsbBroad304_02416,0.279004181959345,0.8797996682218869,0.3197248401379654,0.4952236211078308,False,False,orf_U2OS_long,orf,U2OS,long,96
ccsbBroad304_02705,0.12201625968073336,0.7324681770485679,0.37502472762906913,0.4259400956888098,False,False,orf_U2OS_long,orf,U2OS,long,96
ccsbBroad304_02813,0.04254634013702567,0.1775593297402963,0.7231748566369477,0.14075668183254764,False,False,orf_U2OS_long,orf,U2OS,long,96
ccsbBroad304_02826,0.13804128238910848,0.81125372607915,0.338488093272036,0.47045660354368113,False,False,orf_U2OS_long,orf,U2OS,long,96
ccsbBroad304_03026,0.17346681096681096,0.925938689084065,0.29763787911370965,0.5263117987874015,False,False,orf_U2OS_long,orf,U2OS,long,96
ccsbBroad304_03155,0.08737190354957598,0.5004494490146566,0.48975910969330455,0.31001747722656026,False,False,orf_U2OS_long,orf,U2OS,long,96
ccsbBroad304_03441,0.07824749717605096,0.4565576053915458,0.49757927215950276,0.30313771950342466,False,False,orf_U2OS_long,orf,U2OS,long,96
ccsbBroad304_03827,0.06421922405823144,0.36561589558877156,0.5651246569260341,0.24785574360759496,False,False,orf_U2OS_long,orf,U2OS,long,96
ccsbBroad304_03876,0.18611249861249862,0.924251807459439,0.29763787911370965,0.5263117987874015,False,False,orf_U2OS_long,orf,U2OS,long,96
ccsbBroad304_03934,0.07424113876319759,0.4677690057545012,0.49757927215950276,0.30313771950342466,False,False,orf_U2OS_long,orf,U2OS,long,96
ccsbBroad304_03976,0.04944264722797331,0.2585316082966016,0.648708316990199,0.18795053401089434,False,False,orf_U2OS_long,orf,U2OS,long,96
ccsbBroad304_04505,0.05146415832557137,0.2666426727238722,0.6455459458649098,0.1900728419715672,False,False,orf_U2OS_long,orf,U2OS,long,96
ccsbBroad304_04829,0.06208004993185014,0.37616496597773963,0.5651246569260341,0.24785574360759496,False,False,orf_U2OS_long,orf,U2OS,long,96
ccsbBroad304_04933,0.07447653697653697,0.4584026508885967,0.49757927215950276,0.30313771950342466,False,False,orf_U2OS_long,orf,U2OS,long,96
ccsbBroad304_05206,0.3211805555555555,1.4578027142632615,0.16007904665687134,0.7956655107842201,True,False,orf_U2OS_long,orf,U2OS,long,96
ccsbBroad304_05439,0.254125159642401,1.041080965007723,0.2799211244264727,0.5529643259865975,False,False,orf_U2OS_long,orf,U2OS,long,96
ccsbBroad304_05555,0.2044211525189786,0.9765221705724498,0.29763787911370965,0.5263117987874015,False,False,orf_U2OS_long,orf,U2OS,long,96
ccsbBroad304_05777,0.04592537672963922,0.22225594237864754,0.68775261040118,0.16256775254761868,False,False,orf_U2OS_long,orf,U2OS,long,96
ccsbBroad304_05782,0.14050595238095237,0.8297806390599326,0.3361022294147026,0.47352860678285214,False,False,orf_U2OS_long,orf,U2OS,long,96
ccsbBroad304_05785,0.03543643218591102,0.10595576802069218,0.8140357792109425,0.08935650620123044,False,False,orf_U2OS_long,orf,U2OS,long,96
ccsbBroad304_05821,0.2757936507936508,1.1915694247695954,0.22313508790547978,0.6514321317083371,False,False,orf_U2OS_long,orf,U2OS,long,96
ccsbBroad304_05921,0.3048878205128205,1.378651783138557,0.1703632459337534,0.768624093899485,True,False,orf_U2OS_long,orf,U2OS,long,96
ccsbBroad304_05926,0.09226679259573996,0.5453948468020907,0.4603519013899502,0.33691005874371593,False,False,orf_U2OS_long,orf,U2OS,long,96
ccsbBroad304_06018,0.42738095238095236,1.6998299054166766,0.1064556761053927,0.9728311774804141,True,False,orf_U2OS_long,orf,U2OS,long,96
ccsbBroad304_06071,0.5119178153717627,2.0330930905447064,0.0644612994585048,1.1907009439063745,True,False,orf_U2OS_long,orf,U2OS,long,96
ccsbBroad304_06085,0.03240423318851183,0.07084081467696875,0.8657241159634875,0.06262048443027769,False,False,orf_U2OS_long,orf,U2OS,long,96
ccsbBroad304_06088,0.11858653148242729,0.654479962505861,0.40492883083239284,0.3926213004712563,False,False,orf_U2OS_long,orf,U2OS,long,96
ccsbBroad304_06138,0.2994973647353678,1.100131848599892,0.24912537070938318,0.6035820420419037,False,False,orf_U2OS_long,orf,U2OS,long,96
ccsbBroad304_06188,0.3416852057842047,1.3599602198356744,0.1703632459337534,0.768624093899485,True,False,orf_U2OS_long,orf,U2OS,long,96
ccsbBroad304_06221,0.043470180390637214,0.19727999260145113,0.7154044638807904,0.14544835432858277,False,False,orf_U2OS_long,orf,U2OS,long,96
ccsbBroad304_06237,0.07427407366455353,0.46975313625861054,0.49757927215950276,0.30313771950342466,False,False,orf_U2OS_long,orf,U2OS,long,96
ccsbBroad304_06272,0.5357142857142857,2.134861394151936,0.055852072586974076,1.2529607062299304,True,False,orf_U2OS_long,orf,U2OS,long,96
ccsbBroad304_06343,0.1184776951321069,0.6261170509363019,0.4158737795771578,0.38103846060147073,False,False,orf_U2OS_long,orf,U2OS,long,96
ccsbBroad304_06353,0.34054359383306754,1.3424346222584254,0.1731554119835479,0.7615639300004011,True,False,orf_U2OS_long,orf,U2OS,long,96
ccsbBroad304_06365,0.08776357511444999,0.5160305163525735,0.4828009239197328,0.31623190747929125,False,False,orf_U2OS_long,orf,U2OS,long,96
ccsbBroad304_06403,0.6541666666666667,2.9141980946233104,0.017534734777194774,1.7561007986830717,True,True,orf_U2OS_long,orf,U2OS,long,96
ccsbBroad304_06412,0.034054197956439713,0.08947379104887114,0.839842341464347,0.07580223376955728,False,False,orf_U2OS_long,orf,U2OS,long,96
ccsbBroad304_06451,0.45794748729531337,2.1621072582846077,0.0550865380409963,1.2589545203646628,True,False,orf_U2OS_long,orf,U2OS,long,96
ccsbBroad304_06464,0.1437876012876013,0.721447624292799,0.37655408693539344,0.42417263441542724,False,False,orf_U2OS_long,orf,U2OS,long,96
ccsbBroad304_06483,0.10403018390823268,0.6079084852453285,0.4225282279360786,0.3741442717382828,False,False,orf_U2OS_long,orf,U2OS,long,96
ccsbBroad304_06588,0.07693005075644058,0.43038168696252516,0.5209948668053502,0.28316655564307297,False,False,orf_U2OS_long,orf,U2OS,long,96
ccsbBroad304_06701,0.10634376533683382,0.604268274386045,0.4225282279360786,0.3741442717382828,False,False,orf_U2OS_long,orf,U2OS,long,96
ccsbBroad304_06754,0.0739493623325145,0.4687694420362032,0.49757927215950276,0.30313771950342466,False,False,orf_U2OS_long,orf,U2OS,long,96
ccsbBroad304_06755,0.09209117876935677,0.5005107166929353,0.48975910969330455,0.31001747722656026,False,False,orf_U2OS_long,orf,U2OS,long,96
ccsbBroad304_06811,0.0886320298206267,0.4971041205837047,0.48975910969330455,0.31001747722656026,False,False,orf_U2OS_long,orf,U2OS,long,96
ccsbBroad304_06874,0.609672619047619,2.7171848290504323,0.023419841560220995,1.6304160473402778,True,True,orf_U2OS_long,orf,U2OS,long,96
ccsbBroad304_06884,0.06075405817982156,0.3376190476161076,0.5790248651288231,0.23730278591613965,False,False,orf_U2OS_long,orf,U2OS,long,96
ccsbBroad304_06908,0.10479624542124541,0.6352143949243361,0.41177794157008235,0.38533692170773615,False,False,orf_U2OS_long,orf,U2OS,long,96
ccsbBroad304_07061,0.37182624564977507,1.5345259263296611,0.14160549825212387,0.8489198835516238,True,False,orf_U2OS_long,orf,U2OS,long,96
ccsbBroad304_07194,0.2210587012582811,0.8263902407197017,0.3361022294147026,0.47352860678285214,False,False,orf_U2OS_long,orf,U2OS,long,96
ccsbBroad304_07311,0.05341912724494248,0.28712585298503346,0.6257778667830312,0.20357980153495855,False,False,orf_U2OS_long,orf,U2OS,long,96
ccsbBroad304_07535,0.07307802740460559,0.4541792586759297,0.49757927215950276,0.30313771950342466,False,False,orf_U2OS_long,orf,U2OS,long,96
ccsbBroad304_07557,0.06766835725454057,0.387535993195972,0.5651009016415683,0.24787399976696567,False,False,orf_U2OS_long,orf,U2OS,long,96
ccsbBroad304_07795,0.04055998508426442,0.16550544508406376,0.7335475470311974,0.13457173084041307,False,False,orf_U2OS_long,orf,U2OS,long,96
ccsbBroad304_08590,0.03877567228423577,0.14488803101580103,0.7590231192151916,0.11974499565304571,False,False,orf_U2OS_long,orf,U2OS,long,96
ccsbBroad304_08873,0.2907738095238095,1.2342569260412095,0.21203637952232557,0.6735896198714721,False,False,orf_U2OS_long,orf,U2OS,long,96
ccsbBroad304_10688,0.054111768338742025,0.30553248850859605,0.6043885087432814,0.2186838015084355,False,False,orf_U2OS_long,orf,U2OS,long,96
ccsbBroad304_10895,0.181576420890937,0.9346119680962919,0.29763787911370965,0.5263117987874015,False,False,orf_U2OS_long,orf,U2OS,long,96
ccsbBroad304_10934,0.3120769140989729,1.4464256549872436,0.16007904665687134,0.7956655107842201,True,False,orf_U2OS_long,orf,U2OS,long,96
ccsbBroad304_11023,0.32994711042311664,1.370378518471533,0.1703632459337534,0.768624093899485,True,False,orf_U2OS_long,orf,U2OS,long,96
ccsbBroad304_11445,0.04265413387389194,0.18769139924797942,0.7190157279399634,0.14326160964099702,False,False,orf_U2OS_long,orf,U2OS,long,96
ccsbBroad304_11738,0.5354166666666667,2.1620445073566064,0.0550865380409963,1.2589545203646628,True,False,orf_U2OS_long,orf,U2OS,long,96
ccsbBroad304_14525,0.7127976190476191,3.0457147802187707,0.014401416226068501,1.841594797562846,True,True,orf_U2OS_long,orf,U2OS,long,96
ccsbBroad304_14538,0.3232638888888889,1.3021396958928715,0.1855717362766491,0.7314881688165332,True,False,orf_U2OS_long,orf,U2OS,long,96
ccsbBroad304_14540,0.14125400160064025,0.6876914935945992,0.39031563757783705,0.40858404882707877,False,False,orf_U2OS_long,orf,U2OS,long,96
ccsbBroad304_14554,0.176056107635055,0.9274071644039056,0.29763787911370965,0.5263117987874015,False,False,orf_U2OS_long,orf,U2OS,long,96
ccsbBroad304_14572,0.6124999999999999,2.2847102173880547,0.04614633985029377,1.335862739835436,True,True,orf_U2OS_long,orf,U2OS,long,96
ccsbBroad304_14579,0.1312835871025526,0.7451549012266566,0.37502472762906913,0.4259400956888098,False,False,orf_U2OS_long,orf,U2OS,long,96
ccsbBroad304_14597,0.16398809523809524,0.9100021425442612,0.30283389573688985,0.5187955165311919,False,False,orf_U2OS_long,orf,U2OS,long,96
ccsbBroad304_14631,0.07476804993252362,0.4778956336502443,0.49757927215950276,0.30313771950342466,False,False,orf_U2OS_long,orf,U2OS,long,96
ccsbBroad304_14635,1.0,5.000004342923105,0.0003999960000399993,3.397944351595142,True,True,orf_U2OS_long,orf,U2OS,long,96
ccsbBroad304_14644,0.0979766519010705,0.5579836232045734,0.4517626099403273,0.3450897162411435,False,False,orf_U2OS_long,orf,U2OS,long,96
ccsbBroad304_14671,0.036646219234522964,0.12030885415803218,0.7979350468643294,0.09803245944687987,False,False,orf_U2OS_long,orf,U2OS,long,96
ccsbBroad304_14679,0.055414706574319836,0.31150974010879207,0.6043885087432814,0.2186838015084355,False,False,orf_U2OS_long,orf,U2OS,long,96
ccsbBroad304_14684,0.19757395382395382,1.0267687050056924,0.2838411828896901,0.5469245919505566,False,False,orf_U2OS_long,orf,U2OS,long,96
ccsbBroad304_14688,0.13303953050478856,0.6583047171039331,0.40492883083239284,0.3926213004712563,False,False,orf_U2OS_long,orf,U2OS,long,96
ccsbBroad304_14696,0.06841906458769825,0.4029241302693618,0.5501714021155538,0.25950198796704865,False,False,orf_U2OS_long,orf,U2OS,long,96
ccsbBroad304_14720,0.4607142857142857,1.738204669393445,0.10081318028767372,0.9964826846364763,True,False,orf_U2OS_long,orf,U2OS,long,96
ccsbBroad304_14724,0.09379503354576249,0.5649258247527531,0.44918208182563574,0.3475775763630732,False,False,orf_U2OS_long,orf,U2OS,long,96
ccsbBroad304_14741,0.042766593826877135,0.1824294180109379,0.7200086415364703,0.14266229113945023,False,False,orf_U2OS_long,orf,U2OS,long,96
ccsbBroad304_14762,0.15176587301587302,0.8445128470972953,0.3317096032180538,0.4792419551786259,False,False,orf_U2OS_long,orf,U2OS,long,96
ccsbBroad304_14770,0.0579121931465542,0.3412974787376283,0.5786979698469811,0.23754804119926637,False,False,orf_U2OS_long,orf,U2OS,long,96
ccsbBroad304_14827,0.07336389961389961,0.38128856197131866,0.5651246569260341,0.24785574360759496,False,False,orf_U2OS_long,orf,U2OS,long,96
ccsbBroad304_14931,1.0,5.000004342923105,0.0003999960000399993,3.397944351595142,True,True,orf_U2OS_long,orf,U2OS,long,96
ccsbBroad304_14932,0.060514465128928864,0.35120703382684215,0.5723667485127487,0.2423256043966975,False,False,orf_U2OS_long,orf,U2OS,long,96
ccsbBroad304_14989,0.119529885319359,0.6866007184910349,0.39031563757783705,0.40858404882707877,False,False,orf_U2OS_long,orf,U2OS,long,96
ccsbBroad304_16173,0.8958333333333333,4.306557731677806,0.001316470102564079,2.880588999405525,True,True,orf_U2OS_long,orf,U2OS,long,96
ccsbBroad304_16175,0.04694414844790784,0.22055969952530546,0.68775261040118,0.16256775254761868,False,False,orf_U2OS_long,orf,U2OS,long,96
