Modality,Cell,time,mean_average_precision
compound,A549,short,0.005777555777555778
compound,A549,short,0.008441512378520252
compound,A549,short,0.1321354206551971
compound,A549,short,0.015443098123069612
compound,A549,short,0.004515800203873599
compound,A549,short,0.010461760461760462
compound,A549,short,0.0182715019905607
compound,A549,short,0.0182715019905607
compound,A549,short,0.02767068095436952
compound,A549,short,0.0182715019905607
compound,A549,short,0.0182715019905607
compound,A549,short,0.0325
compound,A549,short,0.005368451352907312
compound,A549,short,0.020622895622895623
compound,A549,short,0.012740882306099698
compound,A549,short,0.057891050758547016
compound,A549,short,0.019049346879535557
compound,A549,short,0.75
compound,A549,short,0.09325295902148321
compound,A549,short,0.006849636406286653
compound,A549,short,1.0
compound,A549,short,0.013076884129515708
compound,A549,short,0.0043765562152844285
compound,A549,short,0.0043765562152844285
compound,A549,short,0.021929824561403508
compound,A549,short,0.29780319889883605
compound,A549,short,0.29780319889883605
compound,A549,short,0.5388888888888889
compound,A549,short,0.033516483516483515
compound,A549,short,0.005834921066956995
compound,A549,short,0.005346001134429949
compound,A549,short,0.1393401649940428
compound,A549,short,0.0250167835881558
compound,A549,short,0.027820121951219513
compound,A549,short,0.019225628410035413
compound,A549,short,0.009440682598112123
compound,A549,short,0.009440682598112123
compound,A549,short,0.009440682598112123
compound,A549,short,0.004867592022360131
compound,A549,short,0.009440682598112123
compound,A549,short,0.009440682598112123
compound,A549,short,0.009381302944054861
compound,A549,short,0.09774436090225563
compound,A549,short,0.07757346229899122
compound,A549,short,0.07831592788121708
compound,A549,short,0.03102561852179929
compound,A549,short,0.03943452380952381
compound,A549,short,0.02256944939432275
compound,A549,short,0.03943452380952381
compound,A549,short,0.08266180612314389
compound,A549,short,0.07481708659395507
compound,A549,short,0.01676315636582985
compound,A549,short,0.17589285714285716
compound,A549,short,0.031569798027320156
compound,A549,short,0.07831592788121708
compound,A549,short,0.005632376673100655
compound,A549,short,0.005632376673100655
compound,A549,short,0.0288380833266339
compound,A549,short,0.014614077960331552
compound,A549,short,0.011250565355042968
compound,A549,short,0.020869565217391306
compound,A549,short,0.06227106227106227
compound,A549,short,0.06227106227106227
compound,A549,short,0.27173448638362213
compound,A549,short,0.15274662969229094
compound,A549,short,0.039776572199534226
compound,A549,short,0.21515450296328623
compound,A549,short,0.0058988861514972755
compound,A549,short,0.38321869488536153
compound,A549,short,0.38321869488536153
compound,A549,short,0.05303930377162322
compound,A549,short,0.09043758734515751
compound,A549,short,0.04506085140623418
compound,A549,short,0.04506085140623418
compound,A549,short,0.04506085140623418
compound,A549,short,0.04506085140623418
compound,A549,short,0.03748476132851198
compound,A549,short,0.05964912280701754
compound,A549,short,0.011696306429548563
compound,A549,short,0.03342675275002154
compound,A549,short,0.01694915254237288
compound,A549,short,0.0059319661230489255
compound,A549,short,0.00636583400483481
compound,A549,short,0.013657894413021225
compound,A549,short,0.01690021839166064
compound,A549,short,0.04566602041589801
compound,A549,short,0.006178725351844083
compound,A549,short,0.023561507936507936
compound,A549,short,0.023561507936507936
compound,A549,short,0.053394008453992975
compound,A549,short,0.023561507936507936
compound,A549,short,0.023561507936507936
compound,A549,short,1.0
compound,A549,short,0.34585070113183897
compound,A549,short,0.015716374269005847
compound,A549,short,0.010246428759477297
compound,A549,short,0.047619047619047616
compound,A549,short,0.016741071428571428
compound,A549,short,0.016741071428571428
compound,A549,short,0.007456915598762704
compound,A549,short,0.0437892180082556
compound,A549,short,0.015785589067591758
compound,A549,short,0.005532083042037752
compound,A549,short,0.01800034115023458
compound,A549,short,0.07971460821278026
compound,A549,short,0.01800034115023458
compound,A549,short,0.29166666666666663
compound,A549,short,0.008741466685863113
compound,A549,short,0.005783438638718951
compound,A549,short,0.005783438638718951
compound,A549,short,0.005783438638718951
compound,A549,short,0.005783438638718951
compound,A549,short,0.005783438638718951
compound,A549,short,0.29166666666666663
compound,A549,short,0.29166666666666663
compound,A549,short,0.29166666666666663
compound,A549,short,0.29166666666666663
compound,A549,short,0.29166666666666663
compound,A549,short,0.29166666666666663
compound,A549,short,0.29166666666666663
compound,A549,short,0.29166666666666663
compound,A549,short,0.29166666666666663
compound,A549,short,0.29166666666666663
compound,A549,short,0.29166666666666663
compound,A549,short,0.29166666666666663
compound,A549,short,0.29166666666666663
compound,A549,short,0.29166666666666663
compound,A549,short,0.29166666666666663
compound,A549,short,0.29166666666666663
compound,A549,short,0.29166666666666663
compound,A549,short,0.29166666666666663
compound,A549,short,0.29166666666666663
compound,A549,short,0.29166666666666663
compound,A549,short,0.29166666666666663
compound,A549,short,0.012819580372034962
compound,A549,short,0.010030854385237403
compound,A549,short,0.004762336719883889
compound,A549,short,0.004762336719883889
compound,A549,short,0.041666666666666664
compound,A549,short,0.05579882676787301
compound,A549,short,0.005082559339525283
compound,A549,short,0.005082559339525283
compound,A549,short,0.005082559339525283
compound,A549,short,0.004366895499618611
compound,A549,short,0.05115089514066496
compound,A549,short,0.0056342051802945655
compound,A549,short,0.0056342051802945655
compound,A549,short,0.008017411082912214
compound,A549,short,0.009214631051483537
compound,A549,short,0.007132651687243128
compound,A549,short,0.07565618881563929
compound,A549,short,0.011617161716171618
compound,A549,short,0.03284215784215785
compound,A549,short,0.01129979570990807
compound,A549,short,1.0
compound,A549,short,1.0
compound,A549,short,0.03695180936676444
compound,A549,short,0.041056916490912004
compound,A549,short,0.02371336389128977
compound,A549,short,0.02371336389128977
compound,A549,short,0.02249747219413549
compound,A549,short,0.041056916490912004
compound,A549,short,0.03410307958430799
compound,A549,short,0.02371336389128977
compound,A549,short,0.041460397876960396
compound,A549,short,0.02371336389128977
compound,A549,short,0.02371336389128977
compound,A549,short,0.016539092400218697
compound,A549,short,0.16823351790346847
compound,A549,short,0.05964912280701754
compound,A549,short,0.0068949343339587245
compound,A549,short,0.0068949343339587245
compound,A549,short,0.004310344827586207
compound,A549,short,0.10714285714285714
compound,A549,short,0.009547997050580513
compound,A549,short,0.05177973089830483
compound,A549,short,0.009547997050580513
compound,A549,short,0.006650463985859478
compound,A549,short,0.025311281460475007
compound,A549,short,0.009712837837837838
compound,A549,short,0.009712837837837838
compound,A549,short,0.025376320800294755
compound,A549,short,0.009712837837837838
compound,A549,short,0.013378688714761411
compound,A549,short,0.013378688714761411
compound,A549,short,0.008441512378520252
compound,A549,short,0.012007727845851057
compound,A549,short,0.013576617087512972
compound,A549,short,0.0496031746031746
compound,A549,short,0.0496031746031746
compound,A549,short,0.005162711684450815
compound,A549,short,0.023097909586059884
compound,A549,short,0.023097909586059884
compound,A549,short,0.023097909586059884
compound,A549,short,0.023097909586059884
compound,A549,short,0.028941399098521566
compound,A549,short,0.018891242937853107
compound,A549,short,0.009941520467836258
compound,A549,short,0.07376987407480655
compound,A549,short,0.03738101313412906
compound,A549,short,0.15455083031699335
compound,A549,short,0.014306006493506494
compound,A549,short,0.014306006493506494
compound,A549,short,0.008807965464419996
compound,A549,short,0.06555896843468038
compound,A549,short,0.06174429640707667
compound,A549,short,0.08057158370414276
compound,A549,short,0.17044076598047525
compound,A549,short,0.06650516923086039
compound,A549,short,0.01525768535262206
compound,A549,short,0.365865092354454
compound,A549,short,1.0
compound,A549,short,0.9444444444444443
compound,A549,short,0.1811219643115493
compound,A549,short,0.008117002725548326
compound,A549,short,0.022469613269230703
compound,A549,short,0.004967948717948718
compound,A549,short,0.016968651136036815
compound,A549,short,0.022469613269230703
compound,A549,short,0.14545454545454545
compound,A549,short,0.005357398653488039
compound,A549,short,0.005357398653488039
compound,A549,short,0.005357398653488039
compound,A549,short,0.005357398653488039
compound,A549,short,0.006515138736611284
compound,A549,short,0.020842379504993486
compound,A549,short,0.020842379504993486
compound,A549,short,0.02788787273372803
compound,A549,short,0.026497760180242608
compound,A549,short,0.026497760180242608
compound,A549,short,0.026497760180242608
compound,A549,short,0.026497760180242608
compound,A549,short,0.08525033154951614
compound,A549,short,0.07123659005118058
compound,A549,short,0.027529761904761904
compound,A549,short,0.07555555555555556
compound,A549,short,0.07555555555555556
compound,A549,short,0.03427994173745009
compound,A549,short,0.010075921254331459
compound,A549,short,0.009837962962962962
compound,A549,short,0.01705339670114621
compound,A549,short,0.19166666666666665
compound,A549,short,0.029393939393939396
compound,A549,short,0.029393939393939396
compound,A549,short,0.09454463795052588
compound,A549,short,0.006674082313681868
compound,A549,short,0.011197525765525233
compound,A549,short,0.011197525765525233
compound,A549,short,0.008457036825578076
compound,A549,short,0.007604672681008558
compound,A549,short,0.04047619047619047
compound,A549,short,0.09422399398129354
compound,A549,short,0.07260439152964158
compound,A549,short,0.005671229355439882
compound,A549,short,0.17142857142857143
compound,A549,short,0.17142857142857143
compound,A549,short,0.17142857142857143
compound,A549,short,0.13987440242482607
compound,A549,short,0.019675925925925923
compound,A549,short,0.02552812060690604
compound,A549,short,0.029296417940080335
compound,A549,short,0.05446964920315775
compound,A549,short,0.75
compound,A549,short,0.75
compound,A549,short,0.75
compound,A549,short,0.75
compound,A549,short,0.75
compound,A549,short,0.75
compound,A549,short,0.75
compound,A549,short,0.75
compound,A549,short,0.5298611111111111
compound,A549,short,0.75
compound,A549,short,0.75
compound,A549,short,0.08057158370414276
compound,A549,short,1.0
compound,A549,short,1.0
compound,A549,short,0.75
compound,A549,short,0.07019230769230769
compound,A549,short,0.007681893101012479
compound,A549,short,0.005422005407311626
compound,A549,short,0.009596991464799165
compound,A549,short,0.009596991464799165
compound,A549,short,0.009596991464799165
compound,A549,short,0.009596991464799165
compound,A549,short,0.08057158370414276
compound,A549,short,0.004831368887851558
compound,A549,short,0.05964912280701754
compound,A549,short,0.016616691654172913
compound,A549,short,0.016616691654172913
compound,A549,short,0.019986449864498643
compound,A549,short,0.75
compound,A549,short,0.1444967971160528
compound,A549,short,0.0186524002313476
compound,A549,short,0.015669856459330143
compound,A549,short,0.0047831632653061226
compound,A549,short,0.020842379504993486
compound,A549,short,0.10555555555555556
compound,A549,short,0.7222222222222222
compound,A549,short,0.7222222222222222
compound,A549,short,0.7222222222222222
compound,A549,short,0.7222222222222222
compound,A549,short,0.6666666666666666
compound,A549,short,0.6666666666666666
compound,A549,short,0.7222222222222222
compound,A549,short,0.8641666666666665
compound,A549,short,0.7222222222222222
compound,A549,short,0.6666666666666666
compound,A549,short,0.6666666666666666
compound,A549,short,0.7222222222222222
compound,A549,short,0.7222222222222222
compound,A549,short,0.8305555555555556
compound,A549,short,0.6666666666666666
compound,A549,short,0.6666666666666666
compound,A549,short,0.009547997050580513
compound,A549,short,0.007952780366573469
crispr,A549,long,0.03190476190476191
crispr,A549,long,
crispr,A549,long,
crispr,A549,long,0.017487612940833577
crispr,A549,long,0.045040485829959516
crispr,A549,long,
crispr,A549,long,0.007808716707021792
crispr,A549,long,0.008143230053342413
crispr,A549,long,0.0140625
crispr,A549,long,
crispr,A549,long,0.5227272727272727
crispr,A549,long,0.005607769423558897
crispr,A549,long,
crispr,A549,long,
crispr,A549,long,1.0
crispr,A549,long,0.01929824561403509
crispr,A549,long,0.55
crispr,A549,long,0.007914008977084809
crispr,A549,long,0.006314422849948855
crispr,A549,long,0.008210180623973728
crispr,A549,long,0.09642857142857142
crispr,A549,long,0.009407498631636563
crispr,A549,long,0.009623095429029671
crispr,A549,long,0.008364973896535358
crispr,A549,long,0.05185185185185185
crispr,A549,long,1.0
crispr,A549,long,1.0
crispr,A549,long,0.10847457627118645
crispr,A549,long,
crispr,A549,long,0.016329113924050634
crispr,A549,long,0.006064169943768606
crispr,A549,long,0.019824561403508772
crispr,A549,long,
crispr,A549,long,0.014991728701406122
crispr,A549,long,0.02288040426726558
crispr,A549,long,
crispr,A549,long,
crispr,A549,long,0.04292527821939587
crispr,A549,long,
crispr,A549,long,0.011003726129482999
crispr,A549,long,0.032744282744282746
crispr,A549,long,
crispr,A549,long,0.008313953488372093
crispr,A549,long,
crispr,A549,long,
crispr,A549,long,
crispr,A549,long,0.03214285714285714
crispr,A549,long,0.013134057971014492
crispr,A549,long,0.02159090909090909
crispr,A549,long,0.13333333333333333
crispr,A549,long,
crispr,A549,long,0.02867965367965368
crispr,A549,long,
crispr,A549,long,0.017450271247739603
crispr,A549,long,0.035250000000000004
crispr,A549,long,0.03152709359605911
crispr,A549,long,
crispr,A549,long,0.55
crispr,A549,long,0.02076949267960504
crispr,A549,long,
crispr,A549,long,
crispr,A549,long,
crispr,A549,long,0.08333333333333333
crispr,A549,long,
crispr,A549,long,
crispr,A549,long,0.01375
crispr,A549,long,
crispr,A549,long,0.010978835978835979
crispr,A549,long,0.014517345399698341
crispr,A549,long,0.054086538461538464
crispr,A549,long,
crispr,A549,long,
crispr,A549,long,
crispr,A549,long,
crispr,A549,long,0.15
crispr,A549,long,0.012144294337453291
crispr,A549,long,0.014065040650406504
crispr,A549,long,0.010819327731092437
crispr,A549,long,0.023464912280701754
crispr,A549,long,0.0229064039408867
crispr,A549,long,0.005731082501313715
crispr,A549,long,
crispr,A549,long,
crispr,A549,long,
crispr,A549,long,
crispr,A549,long,
crispr,A549,long,
crispr,A549,long,0.10555555555555556
crispr,A549,long,0.013259259259259259
crispr,A549,long,
crispr,A549,long,0.029454022988505746
crispr,A549,long,
crispr,A549,long,
crispr,A549,long,
crispr,A549,long,
crispr,A549,long,
crispr,A549,long,
crispr,A549,long,
crispr,A549,long,
crispr,A549,long,
crispr,A549,long,
crispr,A549,long,
crispr,A549,long,0.009240591397849461
crispr,A549,long,
crispr,A549,long,
crispr,A549,long,1.0
crispr,A549,long,0.028495440729483283
crispr,A549,long,0.024092970521541947
crispr,A549,long,
crispr,A549,long,0.21666666666666667
crispr,A549,long,
crispr,A549,long,0.5714285714285714
crispr,A549,long,0.6666666666666666
crispr,A549,long,
crispr,A549,long,
crispr,A549,long,
crispr,A549,long,0.1607142857142857
crispr,A549,long,
crispr,A549,long,
crispr,A549,long,
crispr,A549,long,
crispr,A549,long,0.6
crispr,A549,long,
crispr,A549,long,0.0081820353559484
crispr,A549,long,0.017582417582417582
crispr,A549,long,
crispr,A549,long,0.04941176470588235
crispr,A549,long,0.01082830025884383
crispr,A549,long,
crispr,A549,long,0.007348560079443893
crispr,A549,long,0.009606545320831035
crispr,A549,long,0.005221967713787086
crispr,A549,short,0.009863945578231292
crispr,A549,short,
crispr,A549,short,0.019187675070028012
crispr,A549,short,0.027427490542244644
crispr,A549,short,0.014558022622538752
crispr,A549,short,
crispr,A549,short,0.01319670858562335
crispr,A549,short,
crispr,A549,short,0.013139814496736516
crispr,A549,short,0.35
crispr,A549,short,
crispr,A549,short,
crispr,A549,short,
crispr,A549,short,0.75
crispr,A549,short,0.011590909090909091
crispr,A549,short,0.037943696450428395
crispr,A549,short,0.08229813664596272
crispr,A549,short,0.008573683455302052
crispr,A549,short,0.0060524425287356316
crispr,A549,short,0.25
crispr,A549,short,
crispr,A549,short,0.010903954802259887
crispr,A549,short,
crispr,A549,short,0.01581395348837209
crispr,A549,short,1.0
crispr,A549,short,1.0
crispr,A549,short,
crispr,A549,short,0.009152175721773858
crispr,A549,short,0.03005226480836237
crispr,A549,short,
crispr,A549,short,0.008602915037326696
crispr,A549,short,0.01715542521994135
crispr,A549,short,
crispr,A549,short,0.01966982788900597
crispr,A549,short,
crispr,A549,short,
crispr,A549,short,
crispr,A549,short,0.018705882352941176
crispr,A549,short,0.007030584224978695
crispr,A549,short,0.026080084299262382
crispr,A549,short,
crispr,A549,short,
crispr,A549,short,
crispr,A549,short,
crispr,A549,short,
crispr,A549,short,0.0375
crispr,A549,short,0.01297361049683031
crispr,A549,short,0.019202898550724636
crispr,A549,short,
crispr,A549,short,
crispr,A549,short,0.00614630467571644
crispr,A549,short,
crispr,A549,short,
crispr,A549,short,0.026347594875513657
crispr,A549,short,
crispr,A549,short,0.0076631701631701635
crispr,A549,short,0.014761904761904763
crispr,A549,short,
crispr,A549,short,0.09166666666666667
crispr,A549,short,0.009386446886446886
crispr,A549,short,
crispr,A549,short,0.024817136886102403
crispr,A549,short,
crispr,A549,short,0.04532967032967033
crispr,A549,short,
crispr,A549,short,
crispr,A549,short,0.01204978813559322
crispr,A549,short,0.010931462273744154
crispr,A549,short,
crispr,A549,short,0.007653938768489852
crispr,A549,short,0.025516795865633074
crispr,A549,short,
crispr,A549,short,
crispr,A549,short,0.04793028322440087
crispr,A549,short,0.005426789811165363
crispr,A549,short,
crispr,A549,short,0.016678412027249238
crispr,A549,short,0.0062171763978992895
crispr,A549,short,0.008361786635077695
crispr,A549,short,
crispr,A549,short,
crispr,A549,short,
crispr,A549,short,0.3333333333333333
crispr,A549,short,
crispr,A549,short,
crispr,A549,short,
crispr,A549,short,0.01251319161766923
crispr,A549,short,0.0625
crispr,A549,short,0.01765463917525773
crispr,A549,short,0.038845726970033294
crispr,A549,short,0.03184281842818428
crispr,A549,short,0.13125
crispr,A549,short,
crispr,A549,short,0.07406015037593984
crispr,A549,short,
crispr,A549,short,
crispr,A549,short,0.019330734243014944
crispr,A549,short,
crispr,A549,short,
crispr,A549,short,
crispr,A549,short,
crispr,A549,short,0.75
crispr,A549,short,0.00804661487236404
crispr,A549,short,
crispr,A549,short,
crispr,A549,short,0.6666666666666666
crispr,A549,short,0.020161290322580645
crispr,A549,short,0.015617433414043584
crispr,A549,short,
crispr,A549,short,0.06971153846153846
crispr,A549,short,0.014092553799276328
crispr,A549,short,
crispr,A549,short,
crispr,A549,short,0.13392857142857142
crispr,A549,short,0.75
crispr,A549,short,
crispr,A549,short,
crispr,A549,short,
crispr,A549,short,
crispr,A549,short,
crispr,A549,short,
crispr,A549,short,
crispr,A549,short,
crispr,A549,short,0.02890625
crispr,A549,short,0.10606060606060605
crispr,A549,short,0.010787394886604944
crispr,A549,short,0.006896862603678326
crispr,A549,short,0.00737962145729136
crispr,A549,short,0.005600247524752475
crispr,A549,short,
crispr,A549,short,
crispr,A549,short,
crispr,A549,short,0.015657894736842103
crispr,A549,short,
crispr,A549,short,0.005469259500800379
compound,A549,long,0.005055147058823529
compound,A549,long,0.011258697027197976
compound,A549,long,0.058266018850462176
compound,A549,long,0.007759398496240601
compound,A549,long,0.07380612628455939
compound,A549,long,0.005462047674176982
compound,A549,long,0.022767857142857142
compound,A549,long,0.03201620307849924
compound,A549,long,0.03570000769481986
compound,A549,long,0.08012820512820512
compound,A549,long,0.05109067243787713
compound,A549,long,0.03570000769481986
compound,A549,long,0.03570000769481986
compound,A549,long,0.01597222222222222
compound,A549,long,0.005500483558994197
compound,A549,long,0.02256443990699716
compound,A549,long,0.014391447368421052
compound,A549,long,0.05632642043662517
compound,A549,long,0.014865162172343023
compound,A549,long,0.6
compound,A549,long,0.04444201290154429
compound,A549,long,0.010527482269503546
compound,A549,long,0.021846846846846846
compound,A549,long,1.0
compound,A549,long,0.015676205041398456
compound,A549,long,0.00962059620596206
compound,A549,long,0.00962059620596206
compound,A549,long,0.04554079696394687
compound,A549,long,0.0035973084886128364
compound,A549,long,0.0035973084886128364
compound,A549,long,0.18640076366156078
compound,A549,long,0.18640076366156078
compound,A549,long,0.3523809523809524
compound,A549,long,0.021567717996289426
compound,A549,long,0.003948229137463789
compound,A549,long,0.01038474633980252
compound,A549,long,0.17640734128936636
compound,A549,long,0.02065799434965046
compound,A549,long,0.031471631205673756
compound,A549,long,0.1462701316187996
compound,A549,long,0.18347705138072765
compound,A549,long,0.18347705138072765
compound,A549,long,0.18347705138072765
compound,A549,long,0.24264614219707095
compound,A549,long,1.0
compound,A549,long,0.012770374548325199
compound,A549,long,1.0
compound,A549,long,0.012770374548325199
compound,A549,long,0.008777726713911251
compound,A549,long,0.04047619047619047
compound,A549,long,0.046261158053817364
compound,A549,long,0.04037525355047697
compound,A549,long,0.01808546717603844
compound,A549,long,0.0071247464503042595
compound,A549,long,0.01388503893297233
compound,A549,long,0.0071247464503042595
compound,A549,long,0.052203454252081415
compound,A549,long,0.05061188342321854
compound,A549,long,0.010326634960768924
compound,A549,long,0.07774707364553064
compound,A549,long,0.019001887256014607
compound,A549,long,0.04037525355047697
compound,A549,long,0.004836448598130841
compound,A549,long,0.004836448598130841
compound,A549,long,0.013176355070220682
compound,A549,long,0.015569727242535334
compound,A549,long,0.01640016864880066
compound,A549,long,0.0047196064026358555
compound,A549,long,0.0047196064026358555
compound,A549,long,0.0047196064026358555
compound,A549,long,0.0047196064026358555
compound,A549,long,0.005638809720817628
compound,A549,long,0.029485049833887042
compound,A549,long,0.41666666666666663
compound,A549,long,0.41666666666666663
compound,A549,long,0.2149415776735822
compound,A549,long,0.13532489827774696
compound,A549,long,0.03483249861023572
compound,A549,long,0.20338559750403518
compound,A549,long,0.006688172043010753
compound,A549,long,0.2579505439225303
compound,A549,long,0.2579505439225303
compound,A549,long,0.036886514159241435
compound,A549,long,0.07440642284368422
compound,A549,long,0.05145291703382802
compound,A549,long,0.05145291703382802
compound,A549,long,0.045011747657223995
compound,A549,long,0.05145291703382802
compound,A549,long,0.019789423050652965
compound,A549,long,0.032196969696969696
compound,A549,long,0.08705357142857142
compound,A549,long,0.004952436991271942
compound,A549,long,0.005145056556346879
compound,A549,long,0.012296881862099254
compound,A549,long,0.029738334392397762
compound,A549,long,0.012828947368421053
compound,A549,long,0.0076546391752577315
compound,A549,long,0.015565134099616858
compound,A549,long,0.011649455813283522
compound,A549,long,0.06150299352696849
compound,A549,long,0.0890495026192325
compound,A549,long,0.0890495026192325
compound,A549,long,0.039803116499282976
compound,A549,long,0.05195087207363793
compound,A549,long,0.05491462589812641
compound,A549,long,0.0036101553539776877
compound,A549,long,0.0037047689484208507
compound,A549,long,0.0066109234698080565
compound,A549,long,0.012919121402909123
compound,A549,long,0.012919121402909123
compound,A549,long,0.06614465784663814
compound,A549,long,0.012919121402909123
compound,A549,long,0.024129353233830846
compound,A549,long,0.02273478571582022
compound,A549,long,0.025677902929087764
compound,A549,long,0.02024110698463934
compound,A549,long,0.017334494669341942
compound,A549,long,0.027020992993943296
compound,A549,long,0.012010932105868816
compound,A549,long,0.012010932105868816
compound,A549,long,0.007167961524232334
compound,A549,long,0.020673486786018755
compound,A549,long,0.017009719839908517
compound,A549,long,0.003696126568466994
compound,A549,long,0.007496503496503496
compound,A549,long,0.020950969341834675
compound,A549,long,0.01115282075415675
compound,A549,long,0.006348145673237555
compound,A549,long,0.016485496148840602
compound,A549,long,0.08369995160833898
compound,A549,long,0.016485496148840602
compound,A549,long,0.016299019607843135
compound,A549,long,0.006051630832236361
compound,A549,long,0.07486265748434903
compound,A549,long,0.016447808793367075
compound,A549,long,0.016447808793367075
compound,A549,long,0.01122574854885392
compound,A549,long,0.016447808793367075
compound,A549,long,0.01122574854885392
compound,A549,long,0.01122574854885392
compound,A549,long,0.016447808793367075
compound,A549,long,0.01122574854885392
compound,A549,long,0.01122574854885392
compound,A549,long,0.01122574854885392
compound,A549,long,0.01122574854885392
compound,A549,long,0.016447808793367075
compound,A549,long,0.01122574854885392
compound,A549,long,0.01122574854885392
compound,A549,long,0.01122574854885392
compound,A549,long,0.05698005698005698
compound,A549,long,0.75
compound,A549,long,0.75
compound,A549,long,0.75
compound,A549,long,0.75
compound,A549,long,0.75
compound,A549,long,0.75
compound,A549,long,0.75
compound,A549,long,0.75
compound,A549,long,0.75
compound,A549,long,0.75
compound,A549,long,0.75
compound,A549,long,0.75
compound,A549,long,0.75
compound,A549,long,0.75
compound,A549,long,0.75
compound,A549,long,0.75
compound,A549,long,0.75
compound,A549,long,0.75
compound,A549,long,0.75
compound,A549,long,0.75
compound,A549,long,0.75
compound,A549,long,0.05964113448959465
compound,A549,long,0.006356740326072964
compound,A549,long,0.004322094021881185
compound,A549,long,0.11190629659643145
compound,A549,long,0.0046620299934796786
compound,A549,long,0.004397324880160817
compound,A549,long,0.006310222180213323
compound,A549,long,0.015277777777777779
compound,A549,long,0.013338398211502829
compound,A549,long,0.015277777777777779
compound,A549,long,0.13125
compound,A549,long,0.053026776763531104
compound,A549,long,0.009537651012807704
compound,A549,long,0.009537651012807704
compound,A549,long,0.009537651012807704
compound,A549,long,0.005572111504314895
compound,A549,long,0.00399834331591691
compound,A549,long,0.00399834331591691
compound,A549,long,0.006354746132808207
compound,A549,long,0.03086897233283192
compound,A549,long,0.006765150235186289
compound,A549,long,0.050594982807108134
compound,A549,long,0.00812848246476565
compound,A549,long,0.029233952145949732
compound,A549,long,0.015136029092514347
compound,A549,long,0.0055318500457177695
compound,A549,long,1.0
compound,A549,long,1.0
compound,A549,long,0.04028982416527961
compound,A549,long,0.07646083709968686
compound,A549,long,0.020388455128191343
compound,A549,long,0.02897864089814554
compound,A549,long,0.0392156862745098
compound,A549,long,0.04590348454554758
compound,A549,long,0.04991275996626186
compound,A549,long,0.024066302016943354
compound,A549,long,0.06856329176363074
compound,A549,long,0.02897864089814554
compound,A549,long,0.02897864089814554
compound,A549,long,0.011647361647361647
compound,A549,long,0.2522588628128689
compound,A549,long,0.0066109234698080565
compound,A549,long,0.08705357142857142
compound,A549,long,0.013305498175712641
compound,A549,long,0.003696870302036354
compound,A549,long,0.007195723684210526
compound,A549,long,0.55
compound,A549,long,0.060897435897435896
compound,A549,long,0.008671356871224403
compound,A549,long,0.04446383325805402
compound,A549,long,0.008671356871224403
compound,A549,long,0.03510506141601158
compound,A549,long,0.009606545320831035
compound,A549,long,0.0075147747015001974
compound,A549,long,0.007010710808179162
compound,A549,long,0.003937007874015748
compound,A549,long,0.007010710808179162
compound,A549,long,0.02399329497627842
compound,A549,long,0.007010710808179162
compound,A549,long,0.020722718607587842
compound,A549,long,0.020722718607587842
compound,A549,long,0.01029049688300298
compound,A549,long,0.01747024881128956
compound,A549,long,0.006602457944739824
compound,A549,long,0.03219512195121951
compound,A549,long,0.0035973084886128364
compound,A549,long,0.0035973084886128364
compound,A549,long,0.0035973084886128364
compound,A549,long,0.011797441321323801
compound,A549,long,0.03219512195121951
compound,A549,long,0.011797441321323801
compound,A549,long,0.11335293797265543
compound,A549,long,0.5
compound,A549,long,0.5
compound,A549,long,0.5
compound,A549,long,0.5
compound,A549,long,0.13156127302615322
compound,A549,long,0.13156127302615322
compound,A549,long,0.13156127302615322
compound,A549,long,0.08172715906800891
compound,A549,long,0.02263647998656839
compound,A549,long,0.02160935713997108
compound,A549,long,0.014841445427728613
compound,A549,long,0.018691024594091277
compound,A549,long,0.008916271238328485
compound,A549,long,0.06410426241405036
compound,A549,long,0.05548377568929216
compound,A549,long,0.15774944322647355
compound,A549,long,0.016312997347480106
compound,A549,long,0.016312997347480106
compound,A549,long,0.004949193066347878
compound,A549,long,0.0037078235076010383
compound,A549,long,0.0037078235076010383
compound,A549,long,0.06296490556110491
compound,A549,long,0.06557055031154999
compound,A549,long,0.0810932827237175
compound,A549,long,0.2823027222311253
compound,A549,long,0.040526257651328314
compound,A549,long,0.022108843537414963
compound,A549,long,0.006353084913365207
compound,A549,long,0.012962962962962963
compound,A549,long,0.19999999999999998
compound,A549,long,0.19999999999999998
compound,A549,long,0.19999999999999998
compound,A549,long,0.003876201923076923
compound,A549,long,0.34841693853321765
compound,A549,long,1.0
compound,A549,long,0.01537744641192917
compound,A549,long,1.0
compound,A549,long,0.17507389194203515
compound,A549,long,0.02391391318986067
compound,A549,long,0.04722222222222222
compound,A549,long,0.04722222222222222
compound,A549,long,0.03605902633947435
compound,A549,long,0.00948800572860723
compound,A549,long,0.054411764705882354
compound,A549,long,0.03605902633947435
compound,A549,long,0.07622261973160879
compound,A549,long,0.019367448471926084
compound,A549,long,0.019367448471926084
compound,A549,long,0.019367448471926084
compound,A549,long,0.019367448471926084
compound,A549,long,0.009070294784580497
compound,A549,long,0.0047527658613682544
compound,A549,long,0.018037848278833448
compound,A549,long,0.006912662090007628
compound,A549,long,0.022573078978494157
compound,A549,long,0.01573021726474354
compound,A549,long,0.01573021726474354
compound,A549,long,0.01573021726474354
compound,A549,long,0.02125889082918124
compound,A549,long,0.026108591366546502
compound,A549,long,0.06037328968477533
compound,A549,long,0.057540029586827815
compound,A549,long,0.04206349206349206
compound,A549,long,0.05507246376811594
compound,A549,long,0.05507246376811594
compound,A549,long,0.04921680779431628
compound,A549,long,0.009092110279460677
compound,A549,long,0.026262626262626265
compound,A549,long,0.02428363283147159
compound,A549,long,0.028869286287089013
compound,A549,long,0.007249754026202683
compound,A549,long,0.0037313432835820895
compound,A549,long,0.0037313432835820895
compound,A549,long,0.05097451048104309
compound,A549,long,0.03563565047879073
compound,A549,long,0.020621932061711534
compound,A549,long,0.020621932061711534
compound,A549,long,0.019763513513513513
compound,A549,long,0.007222569879015436
compound,A549,long,0.007195172271508149
compound,A549,long,0.00916658268698712
compound,A549,long,0.005207487961910945
compound,A549,long,0.010267901759291804
compound,A549,long,0.011164400542740975
compound,A549,long,0.01899335232668566
compound,A549,long,0.06910861254382626
compound,A549,long,0.05783860258207376
compound,A549,long,0.004634496963975368
compound,A549,long,0.15833333333333333
compound,A549,long,0.15833333333333333
compound,A549,long,0.15833333333333333
compound,A549,long,0.18171540201352343
compound,A549,long,0.01488095238095238
compound,A549,long,0.01424941459779638
compound,A549,long,0.01278937995790837
compound,A549,long,0.04153520677316436
compound,A549,long,0.26666666666666666
compound,A549,long,0.05011275673467265
compound,A549,long,0.3333333333333333
compound,A549,long,0.3333333333333333
compound,A549,long,0.3333333333333333
compound,A549,long,0.3333333333333333
compound,A549,long,0.3333333333333333
compound,A549,long,0.3333333333333333
compound,A549,long,0.3333333333333333
compound,A549,long,0.3333333333333333
compound,A549,long,0.39311958579728185
compound,A549,long,0.3333333333333333
compound,A549,long,0.3333333333333333
compound,A549,long,0.0810932827237175
compound,A549,long,0.1125
compound,A549,long,0.1125
compound,A549,long,0.3333333333333333
compound,A549,long,0.003677713327654511
compound,A549,long,0.003677713327654511
compound,A549,long,0.006042351223074114
compound,A549,long,0.05952380952380952
compound,A549,long,0.0034542417372628565
compound,A549,long,0.01637657348085547
compound,A549,long,0.01637657348085547
compound,A549,long,0.01637657348085547
compound,A549,long,0.01637657348085547
compound,A549,long,0.0810932827237175
compound,A549,long,0.0035336130256717613
compound,A549,long,0.008547617351663223
compound,A549,long,0.005427170868347339
compound,A549,long,0.08705357142857142
compound,A549,long,0.0035842293906810036
compound,A549,long,0.0035842293906810036
compound,A549,long,0.008875968992248063
compound,A549,long,0.0066109234698080565
compound,A549,long,0.3333333333333333
compound,A549,long,0.11344529833080805
compound,A549,long,0.0664172335600907
compound,A549,long,0.0069000262858144226
compound,A549,long,0.09583333333333333
compound,A549,long,0.006558927543383502
compound,A549,long,0.00696472032317214
compound,A549,long,0.006912662090007628
compound,A549,long,0.75
compound,A549,long,0.5111111111111111
compound,A549,long,0.5111111111111111
compound,A549,long,0.5111111111111111
compound,A549,long,0.5111111111111111
compound,A549,long,0.75
compound,A549,long,0.75
compound,A549,long,0.5111111111111111
compound,A549,long,0.7871428571428571
compound,A549,long,0.5111111111111111
compound,A549,long,0.75
compound,A549,long,0.75
compound,A549,long,0.5111111111111111
compound,A549,long,0.5111111111111111
compound,A549,long,0.7186507936507935
compound,A549,long,0.75
compound,A549,long,0.75
compound,A549,long,0.008671356871224403
compound,A549,long,0.010347985347985348
compound,A549,long,0.022977476687603703
compound,U2OS,short,0.005333674688513398
compound,U2OS,short,0.08642579277080471
compound,U2OS,short,0.019203664552501762
compound,U2OS,short,0.05762682555926695
compound,U2OS,short,0.15441176470588236
compound,U2OS,short,0.010831788693234477
compound,U2OS,short,0.0734126984126984
compound,U2OS,short,0.033563136492444995
compound,U2OS,short,0.033563136492444995
compound,U2OS,short,0.09191176470588236
compound,U2OS,short,0.0442924880685925
compound,U2OS,short,0.033563136492444995
compound,U2OS,short,0.033563136492444995
compound,U2OS,short,0.010697940503432493
compound,U2OS,short,0.01287341145403532
compound,U2OS,short,0.17262667766470435
compound,U2OS,short,0.225
compound,U2OS,short,0.2864267845975163
compound,U2OS,short,0.043333333333333335
compound,U2OS,short,0.03213422421310122
compound,U2OS,short,0.008403954802259887
compound,U2OS,short,0.008403954802259887
compound,U2OS,short,0.028296019900497512
compound,U2OS,short,0.30187460769176205
compound,U2OS,short,0.30187460769176205
compound,U2OS,short,0.5858585858585857
compound,U2OS,short,0.008318499246884842
compound,U2OS,short,0.006395372520265591
compound,U2OS,short,0.021003843728536045
compound,U2OS,short,0.29545454545454547
compound,U2OS,short,0.009850606909430439
compound,U2OS,short,0.06858100584021348
compound,U2OS,short,0.08765036463220881
compound,U2OS,short,0.08765036463220881
compound,U2OS,short,0.08765036463220881
compound,U2OS,short,0.19642857142857142
compound,U2OS,short,0.19642857142857142
compound,U2OS,short,0.02347781217750258
compound,U2OS,short,0.19642857142857142
compound,U2OS,short,0.02347781217750258
compound,U2OS,short,0.018719816951691386
compound,U2OS,short,0.53125
compound,U2OS,short,0.13003133598942165
compound,U2OS,short,0.22129861090240896
compound,U2OS,short,0.53125
compound,U2OS,short,0.006865574380934649
compound,U2OS,short,0.009085185685752709
compound,U2OS,short,0.006865574380934649
compound,U2OS,short,0.13003133598942165
compound,U2OS,short,0.09075005226772444
compound,U2OS,short,0.0055318500457177695
compound,U2OS,short,0.22129861090240896
compound,U2OS,short,0.53125
compound,U2OS,short,0.22129861090240896
compound,U2OS,short,0.01319327735780452
compound,U2OS,short,0.015476190476190477
compound,U2OS,short,0.07139364772343494
compound,U2OS,short,0.00705684007707129
compound,U2OS,short,0.04112903225806452
compound,U2OS,short,0.10057471264367815
compound,U2OS,short,0.10057471264367815
compound,U2OS,short,0.24213275935991682
compound,U2OS,short,0.13633829645502957
compound,U2OS,short,0.0576455347572366
compound,U2OS,short,0.2326375634108685
compound,U2OS,short,0.04793028322440087
compound,U2OS,short,0.4171052631578947
compound,U2OS,short,0.4171052631578947
compound,U2OS,short,0.13095717984471897
compound,U2OS,short,0.17288359788359786
compound,U2OS,short,0.17288359788359786
compound,U2OS,short,0.17288359788359786
compound,U2OS,short,0.17288359788359786
compound,U2OS,short,0.05572755417956656
compound,U2OS,short,0.00871938736826143
compound,U2OS,short,0.024305555555555552
compound,U2OS,short,0.02511358936239796
compound,U2OS,short,0.007248266152161443
compound,U2OS,short,0.00507823576418426
compound,U2OS,short,0.006893468849990589
compound,U2OS,short,0.05555555555555555
compound,U2OS,short,0.20833333333333331
compound,U2OS,short,0.10388635388635388
compound,U2OS,short,0.10388635388635388
compound,U2OS,short,0.058792243495642806
compound,U2OS,short,0.05978342579277092
compound,U2OS,short,0.10388635388635388
compound,U2OS,short,0.08846153846153847
compound,U2OS,short,0.05572755417956656
compound,U2OS,short,0.05572755417956656
compound,U2OS,short,0.17288359788359786
compound,U2OS,short,0.05572755417956656
compound,U2OS,short,0.05572755417956656
compound,U2OS,short,0.10383951252177853
compound,U2OS,short,0.013139089881784442
compound,U2OS,short,0.0051881720430107525
compound,U2OS,short,0.00863596561840467
compound,U2OS,short,0.02653010449708328
compound,U2OS,short,0.024242424242424242
compound,U2OS,short,0.007172498591116348
compound,U2OS,short,0.021153846153846155
compound,U2OS,short,0.02179783950617284
compound,U2OS,short,0.10288445170032881
compound,U2OS,short,0.02824466651697208
compound,U2OS,short,0.004885488906365434
compound,U2OS,short,0.2019752553695141
compound,U2OS,short,0.08170519265342989
compound,U2OS,short,0.2019752553695141
compound,U2OS,short,0.008967731829573933
compound,U2OS,short,0.017125292740046837
compound,U2OS,short,0.017125292740046837
compound,U2OS,short,0.017125292740046837
compound,U2OS,short,0.017125292740046837
compound,U2OS,short,0.017125292740046837
compound,U2OS,short,0.017125292740046837
compound,U2OS,short,0.3333333333333333
compound,U2OS,short,0.015401439737740113
compound,U2OS,short,0.02872670807453416
compound,U2OS,short,0.00896879021879022
compound,U2OS,short,0.0277569392348087
compound,U2OS,short,0.35
compound,U2OS,short,0.1753723486462166
compound,U2OS,short,0.018524871355060035
compound,U2OS,short,0.004630522863206637
compound,U2OS,short,0.004630522863206637
compound,U2OS,short,0.022824316899621194
compound,U2OS,short,0.02304529236937657
compound,U2OS,short,0.011146422138261126
compound,U2OS,short,0.018211790824841045
compound,U2OS,short,0.006698415524301228
compound,U2OS,short,0.04591331038281046
compound,U2OS,short,0.0280558298108378
compound,U2OS,short,0.005562746548323471
compound,U2OS,short,1.0
compound,U2OS,short,1.0
compound,U2OS,short,0.09318911285354121
compound,U2OS,short,0.17288359788359786
compound,U2OS,short,0.05572755417956656
compound,U2OS,short,0.05572755417956656
compound,U2OS,short,0.17288359788359786
compound,U2OS,short,0.07155475708244334
compound,U2OS,short,0.05572755417956656
compound,U2OS,short,0.13879605658710245
compound,U2OS,short,0.05572755417956656
compound,U2OS,short,0.05572755417956656
compound,U2OS,short,0.004555832295558323
compound,U2OS,short,0.25812049459868586
compound,U2OS,short,0.04062685072037133
compound,U2OS,short,0.010310374149659863
compound,U2OS,short,0.03401360544217687
compound,U2OS,short,0.11688311688311688
compound,U2OS,short,0.007826453222651533
compound,U2OS,short,0.057011325396099856
compound,U2OS,short,0.007826453222651533
compound,U2OS,short,0.0051679931627584
compound,U2OS,short,0.012839506172839507
compound,U2OS,short,0.012653489068583407
compound,U2OS,short,0.006481481481481482
compound,U2OS,short,0.006481481481481482
compound,U2OS,short,0.006481481481481482
compound,U2OS,short,0.004524979524979525
compound,U2OS,short,0.010795454545454546
compound,U2OS,short,0.08898421248784985
compound,U2OS,short,0.41666666666666663
compound,U2OS,short,0.41666666666666663
compound,U2OS,short,0.41666666666666663
compound,U2OS,short,0.41666666666666663
compound,U2OS,short,0.12293223113721266
compound,U2OS,short,0.12293223113721266
compound,U2OS,short,0.12293223113721266
compound,U2OS,short,0.08463134521551564
compound,U2OS,short,0.009989614792392312
compound,U2OS,short,0.012589005662048907
compound,U2OS,short,0.01528361487470209
compound,U2OS,short,0.014219443323920937
compound,U2OS,short,0.10003922218159071
compound,U2OS,short,0.07077174633988571
compound,U2OS,short,0.217130324316
compound,U2OS,short,0.04726890756302521
compound,U2OS,short,0.04726890756302521
compound,U2OS,short,0.009431524547803619
compound,U2OS,short,0.24419531450566048
compound,U2OS,short,0.16390462371262432
compound,U2OS,short,0.27781231733885964
compound,U2OS,short,0.15081949398235153
compound,U2OS,short,0.24788083919458354
compound,U2OS,short,0.09226190476190475
compound,U2OS,short,0.14545454545454545
compound,U2OS,short,0.14545454545454545
compound,U2OS,short,0.14545454545454545
compound,U2OS,short,0.039351851851851846
compound,U2OS,short,0.06815210932857992
compound,U2OS,short,0.043333333333333335
compound,U2OS,short,0.050244307910140194
compound,U2OS,short,0.043333333333333335
compound,U2OS,short,0.02879778119411457
compound,U2OS,short,0.02307347670250896
compound,U2OS,short,0.02307347670250896
compound,U2OS,short,0.07531900521070153
compound,U2OS,short,0.019258987527512837
compound,U2OS,short,0.020323859881031064
compound,U2OS,short,0.07531900521070153
compound,U2OS,short,0.02820678505544406
compound,U2OS,short,0.006339395380165617
compound,U2OS,short,0.006339395380165617
compound,U2OS,short,0.006339395380165617
compound,U2OS,short,0.006339395380165617
compound,U2OS,short,0.010896011848090553
compound,U2OS,short,0.005355097365406644
compound,U2OS,short,0.03253119429590018
compound,U2OS,short,0.020416666666666666
compound,U2OS,short,0.020416666666666666
compound,U2OS,short,0.020416666666666666
compound,U2OS,short,0.013267604527725985
compound,U2OS,short,0.005300502005216367
compound,U2OS,short,0.09728829050117703
compound,U2OS,short,0.08376874997653971
compound,U2OS,short,0.11904761904761904
compound,U2OS,short,0.06018518518518518
compound,U2OS,short,0.06018518518518518
compound,U2OS,short,0.02765624760697819
compound,U2OS,short,0.004273816481589714
compound,U2OS,short,0.0075341301761740215
compound,U2OS,short,0.010268974145120935
compound,U2OS,short,0.010268974145120935
compound,U2OS,short,0.1368828358675176
compound,U2OS,short,0.03018018018018018
compound,U2OS,short,0.03018018018018018
compound,U2OS,short,0.03018018018018018
compound,U2OS,short,0.010471491228070175
compound,U2OS,short,0.006068630696237449
compound,U2OS,short,0.010944976076555025
compound,U2OS,short,0.017222442590089652
compound,U2OS,short,0.037981859410430835
compound,U2OS,short,0.05260398146711157
compound,U2OS,short,0.05260398146711157
compound,U2OS,short,0.012348417627920733
compound,U2OS,short,0.75
compound,U2OS,short,0.75
compound,U2OS,short,0.75
compound,U2OS,short,0.027883220805505222
compound,U2OS,short,0.008231707317073171
compound,U2OS,short,0.026187018346673047
compound,U2OS,short,0.01488095238095238
compound,U2OS,short,0.08063916329131304
compound,U2OS,short,0.15665853737686472
compound,U2OS,short,0.15555555555555556
compound,U2OS,short,0.15555555555555556
compound,U2OS,short,0.15555555555555556
compound,U2OS,short,0.15555555555555556
compound,U2OS,short,0.15555555555555556
compound,U2OS,short,0.15555555555555556
compound,U2OS,short,0.15555555555555556
compound,U2OS,short,0.15555555555555556
compound,U2OS,short,0.23992185224747112
compound,U2OS,short,0.15555555555555556
compound,U2OS,short,0.15555555555555556
compound,U2OS,short,0.27781231733885964
compound,U2OS,short,1.0
compound,U2OS,short,1.0
compound,U2OS,short,0.15555555555555556
compound,U2OS,short,0.020101483216237316
compound,U2OS,short,0.020101483216237316
compound,U2OS,short,0.005001125253181965
compound,U2OS,short,0.03266976444608024
compound,U2OS,short,0.03266976444608024
compound,U2OS,short,0.03266976444608024
compound,U2OS,short,0.03266976444608024
compound,U2OS,short,0.27781231733885964
compound,U2OS,short,0.09126984126984126
compound,U2OS,short,0.01332819722650231
compound,U2OS,short,0.15555555555555556
compound,U2OS,short,0.14389712753525732
compound,U2OS,short,0.06926406926406926
compound,U2OS,short,0.06926406926406926
compound,U2OS,short,0.06926406926406926
compound,U2OS,short,0.06926406926406926
compound,U2OS,short,0.008511396011396012
compound,U2OS,short,0.0060665504213891315
compound,U2OS,short,0.037241379310344824
compound,U2OS,short,0.0048327224336376165
compound,U2OS,short,0.007636469221835076
compound,U2OS,short,0.04047619047619047
compound,U2OS,short,0.34603174603174597
compound,U2OS,short,0.34603174603174597
compound,U2OS,short,0.34603174603174597
compound,U2OS,short,0.34603174603174597
compound,U2OS,short,0.2
compound,U2OS,short,0.2
compound,U2OS,short,0.34603174603174597
compound,U2OS,short,0.6130555555555556
compound,U2OS,short,0.34603174603174597
compound,U2OS,short,0.2
compound,U2OS,short,0.2
compound,U2OS,short,0.34603174603174597
compound,U2OS,short,0.34603174603174597
compound,U2OS,short,0.5230248917748918
compound,U2OS,short,0.2
compound,U2OS,short,0.2
compound,U2OS,short,0.007826453222651533
compound,U2OS,short,0.006584257253302748
compound,U2OS,short,0.011788518094338852
crispr,U2OS,long,0.07478632478632478
crispr,U2OS,long,
crispr,U2OS,long,
crispr,U2OS,long,
crispr,U2OS,long,
crispr,U2OS,long,
crispr,U2OS,long,
crispr,U2OS,long,
crispr,U2OS,long,1.0
crispr,U2OS,long,
crispr,U2OS,long,
crispr,U2OS,long,
crispr,U2OS,long,
crispr,U2OS,long,
crispr,U2OS,long,0.04583333333333334
crispr,U2OS,long,
crispr,U2OS,long,0.04649122807017544
crispr,U2OS,long,
crispr,U2OS,long,0.030204081632653063
crispr,U2OS,long,
crispr,U2OS,long,0.016133035492678083
crispr,U2OS,long,0.08755760368663594
crispr,U2OS,long,0.35
crispr,U2OS,long,
crispr,U2OS,long,
crispr,U2OS,long,
crispr,U2OS,long,
crispr,U2OS,long,
crispr,U2OS,long,0.04554079696394687
crispr,U2OS,long,
crispr,U2OS,long,
crispr,U2OS,long,0.034239130434782605
crispr,U2OS,long,
crispr,U2OS,long,
crispr,U2OS,long,
crispr,U2OS,long,
crispr,U2OS,long,0.048039215686274506
crispr,U2OS,long,0.016741071428571428
crispr,U2OS,long,
crispr,U2OS,long,
crispr,U2OS,long,0.1625
crispr,U2OS,long,
crispr,U2OS,long,
crispr,U2OS,long,1.0
crispr,U2OS,long,
crispr,U2OS,long,
crispr,U2OS,long,0.02145438121047877
crispr,U2OS,long,
crispr,U2OS,long,0.08362369337979093
crispr,U2OS,long,0.6666666666666666
crispr,U2OS,long,
crispr,U2OS,long,
crispr,U2OS,long,
crispr,U2OS,long,
crispr,U2OS,long,0.018706293706293706
crispr,U2OS,long,0.02490996398559424
crispr,U2OS,long,
crispr,U2OS,long,
crispr,U2OS,long,
crispr,U2OS,long,1.0
crispr,U2OS,long,
crispr,U2OS,long,
crispr,U2OS,long,
crispr,U2OS,long,0.75
crispr,U2OS,long,
crispr,U2OS,long,
crispr,U2OS,long,0.08680555555555555
crispr,U2OS,long,
crispr,U2OS,long,
crispr,U2OS,long,0.07941176470588235
crispr,U2OS,long,
crispr,U2OS,long,
crispr,U2OS,long,0.06349206349206349
crispr,U2OS,long,0.02353266888150609
crispr,U2OS,long,
crispr,U2OS,long,0.19444444444444442
crispr,U2OS,long,
crispr,U2OS,long,
crispr,U2OS,long,0.10476190476190475
crispr,U2OS,long,0.05448717948717949
crispr,U2OS,long,
crispr,U2OS,long,0.75
crispr,U2OS,long,
crispr,U2OS,long,0.01401689708141321
crispr,U2OS,long,
crispr,U2OS,long,
crispr,U2OS,long,
crispr,U2OS,long,0.016337285902503294
crispr,U2OS,long,0.013276397515527949
crispr,U2OS,long,
crispr,U2OS,long,0.011279541656719981
crispr,U2OS,long,0.0238230289279637
crispr,U2OS,long,
crispr,U2OS,long,
crispr,U2OS,long,0.007437513824375138
crispr,U2OS,long,0.5833333333333334
crispr,U2OS,long,0.10989010989010989
crispr,U2OS,long,0.029576587795765878
crispr,U2OS,long,0.00873837383738374
crispr,U2OS,short,0.016657638136511378
crispr,U2OS,short,0.026923076923076925
crispr,U2OS,short,0.035897435897435895
crispr,U2OS,short,
crispr,U2OS,short,0.027116402116402115
crispr,U2OS,short,
crispr,U2OS,short,
crispr,U2OS,short,
crispr,U2OS,short,0.009351407000686342
crispr,U2OS,short,0.008777929776561787
crispr,U2OS,short,0.013475058587211248
crispr,U2OS,short,0.17142857142857143
crispr,U2OS,short,
crispr,U2OS,short,0.3214285714285714
crispr,U2OS,short,0.04083333333333333
crispr,U2OS,short,
crispr,U2OS,short,0.014238667183262301
crispr,U2OS,short,0.006617647058823529
crispr,U2OS,short,
crispr,U2OS,short,
crispr,U2OS,short,0.02749266862170088
crispr,U2OS,short,0.011970766129032258
crispr,U2OS,short,0.013595413595413594
crispr,U2OS,short,0.06315789473684211
crispr,U2OS,short,0.008233938736785035
crispr,U2OS,short,0.15
crispr,U2OS,short,0.04423076923076923
crispr,U2OS,short,
crispr,U2OS,short,
crispr,U2OS,short,
crispr,U2OS,short,0.009761904761904763
crispr,U2OS,short,
crispr,U2OS,short,0.03851540616246499
crispr,U2OS,short,
crispr,U2OS,short,
crispr,U2OS,short,
crispr,U2OS,short,
crispr,U2OS,short,0.014271255060728745
crispr,U2OS,short,0.005714285714285714
crispr,U2OS,short,
crispr,U2OS,short,0.008795906924586486
crispr,U2OS,short,
crispr,U2OS,short,0.04496124031007752
crispr,U2OS,short,0.036630036630036625
crispr,U2OS,short,
crispr,U2OS,short,
crispr,U2OS,short,0.08522727272727273
crispr,U2OS,short,0.016835016835016835
crispr,U2OS,short,
crispr,U2OS,short,0.005858647431338684
crispr,U2OS,short,0.01897601145721446
crispr,U2OS,short,0.25
crispr,U2OS,short,0.009434801958166445
crispr,U2OS,short,0.0052668052668052665
crispr,U2OS,short,0.025
crispr,U2OS,short,
crispr,U2OS,short,
crispr,U2OS,short,
crispr,U2OS,short,0.012863005050505052
crispr,U2OS,short,0.05295566502463054
crispr,U2OS,short,0.03351351351351352
crispr,U2OS,short,0.01904761904761905
crispr,U2OS,short,0.025388291517323774
crispr,U2OS,short,
crispr,U2OS,short,0.03689064558629776
crispr,U2OS,short,0.009769174845510722
crispr,U2OS,short,
crispr,U2OS,short,
crispr,U2OS,short,
crispr,U2OS,short,
crispr,U2OS,short,
crispr,U2OS,short,
crispr,U2OS,short,0.007142857142857143
crispr,U2OS,short,0.007267973856209151
crispr,U2OS,short,0.041050903119868636
crispr,U2OS,short,0.05274725274725275
crispr,U2OS,short,
crispr,U2OS,short,
crispr,U2OS,short,
crispr,U2OS,short,
crispr,U2OS,short,1.0
crispr,U2OS,short,0.008504859919954259
crispr,U2OS,short,1.0
crispr,U2OS,short,
crispr,U2OS,short,
crispr,U2OS,short,0.065625
crispr,U2OS,short,
crispr,U2OS,short,0.06787330316742082
crispr,U2OS,short,
crispr,U2OS,short,
crispr,U2OS,short,0.125
crispr,U2OS,short,
crispr,U2OS,short,0.0120026525198939
crispr,U2OS,short,0.05952380952380952
crispr,U2OS,short,
crispr,U2OS,short,0.25
crispr,U2OS,short,
crispr,U2OS,short,
crispr,U2OS,short,1.0
crispr,U2OS,short,0.03522727272727273
crispr,U2OS,short,0.009613632221614727
crispr,U2OS,short,0.0202485966319166
crispr,U2OS,short,
crispr,U2OS,short,0.0062014316885503195
crispr,U2OS,short,
crispr,U2OS,short,0.175
crispr,U2OS,short,
crispr,U2OS,short,0.016124871001031993
crispr,U2OS,short,
crispr,U2OS,short,1.0
crispr,U2OS,short,
crispr,U2OS,short,
crispr,U2OS,short,
crispr,U2OS,short,0.03943452380952381
crispr,U2OS,short,0.03851851851851852
crispr,U2OS,short,
crispr,U2OS,short,0.02000800320128051
crispr,U2OS,short,0.010417797069994574
crispr,U2OS,short,
crispr,U2OS,short,0.026021080368906456
crispr,U2OS,short,
crispr,U2OS,short,
crispr,U2OS,short,
crispr,U2OS,short,
crispr,U2OS,short,1.0
crispr,U2OS,short,0.08888888888888888
crispr,U2OS,short,0.00552756145976485
crispr,U2OS,short,
crispr,U2OS,short,
crispr,U2OS,short,0.007289473684210526
compound,U2OS,long,0.04438748511418932
compound,U2OS,long,0.017767295597484276
compound,U2OS,long,0.032685240307074086
compound,U2OS,long,0.025615132334260663
compound,U2OS,long,0.025615132334260663
compound,U2OS,long,0.04151888953581394
compound,U2OS,long,0.025615132334260663
compound,U2OS,long,0.025615132334260663
compound,U2OS,long,0.02108927108927109
compound,U2OS,long,0.1816743862079097
compound,U2OS,long,1.0
compound,U2OS,long,0.1373612611548943
compound,U2OS,long,0.041965188067382635
compound,U2OS,long,0.03774928774928775
compound,U2OS,long,0.03774928774928775
compound,U2OS,long,0.11063829787234043
compound,U2OS,long,0.3475223334078946
compound,U2OS,long,0.3475223334078946
compound,U2OS,long,0.6777777777777777
compound,U2OS,long,0.005038071065989847
compound,U2OS,long,0.008865248226950354
compound,U2OS,long,0.007337920653693151
compound,U2OS,long,0.023994050766441295
compound,U2OS,long,0.11523158199676724
compound,U2OS,long,0.005479247536578083
compound,U2OS,long,0.0430015693932698
compound,U2OS,long,0.06162790697674419
compound,U2OS,long,0.06162790697674419
compound,U2OS,long,0.06162790697674419
compound,U2OS,long,0.06162790697674419
compound,U2OS,long,0.06162790697674419
compound,U2OS,long,0.027205882352941177
compound,U2OS,long,0.29545454545454547
compound,U2OS,long,0.05164434486330185
compound,U2OS,long,0.06669714326051036
compound,U2OS,long,0.06669714326051036
compound,U2OS,long,0.005319750990379174
compound,U2OS,long,0.06669714326051036
compound,U2OS,long,0.05116187687481035
compound,U2OS,long,0.005319750990379174
compound,U2OS,long,0.29545454545454547
compound,U2OS,long,0.06792497413602853
compound,U2OS,long,0.06669714326051036
compound,U2OS,long,0.013652482269503545
compound,U2OS,long,0.013652482269503545
compound,U2OS,long,0.016314236196391184
compound,U2OS,long,0.009056049604307743
compound,U2OS,long,0.03051106025934401
compound,U2OS,long,0.03051106025934401
compound,U2OS,long,0.03051106025934401
compound,U2OS,long,0.03051106025934401
compound,U2OS,long,0.006375893437296946
compound,U2OS,long,0.023504273504273504
compound,U2OS,long,0.17142857142857143
compound,U2OS,long,0.17142857142857143
compound,U2OS,long,0.33497648782195694
compound,U2OS,long,0.16351868787795523
compound,U2OS,long,0.0917392139979869
compound,U2OS,long,0.34735713365823756
compound,U2OS,long,0.011756756756756758
compound,U2OS,long,0.7350427350427351
compound,U2OS,long,0.7350427350427351
compound,U2OS,long,0.014395194697597348
compound,U2OS,long,0.12518410673715208
compound,U2OS,long,0.27664569331236
compound,U2OS,long,0.27664569331236
compound,U2OS,long,0.27664569331236
compound,U2OS,long,0.27664569331236
compound,U2OS,long,0.03311965811965812
compound,U2OS,long,0.006579232134354846
compound,U2OS,long,0.022121748669031424
compound,U2OS,long,0.017392619479733817
compound,U2OS,long,0.006780362232233153
compound,U2OS,long,0.6666666666666666
compound,U2OS,long,0.6666666666666666
compound,U2OS,long,0.6666666666666666
compound,U2OS,long,0.12443497036832399
compound,U2OS,long,0.09084550862262243
compound,U2OS,long,0.6666666666666666
compound,U2OS,long,0.19642857142857142
compound,U2OS,long,0.03311965811965812
compound,U2OS,long,0.03311965811965812
compound,U2OS,long,0.27664569331236
compound,U2OS,long,0.03311965811965812
compound,U2OS,long,0.03311965811965812
compound,U2OS,long,0.005000125003125078
compound,U2OS,long,0.01115108134457806
compound,U2OS,long,0.016530054644808743
compound,U2OS,long,0.06261904761904762
compound,U2OS,long,0.02104247104247104
compound,U2OS,long,0.08571428571428572
compound,U2OS,long,0.05593876282191461
compound,U2OS,long,0.05902955865716541
compound,U2OS,long,0.006546014632268001
compound,U2OS,long,0.056613345994330946
compound,U2OS,long,0.1101917965477062
compound,U2OS,long,0.056613345994330946
compound,U2OS,long,0.020620748299319726
compound,U2OS,long,0.00946969696969697
compound,U2OS,long,0.00946969696969697
compound,U2OS,long,0.00946969696969697
compound,U2OS,long,0.00946969696969697
compound,U2OS,long,0.00946969696969697
compound,U2OS,long,0.00946969696969697
compound,U2OS,long,0.28846153846153844
compound,U2OS,long,0.6666666666666666
compound,U2OS,long,0.6666666666666666
compound,U2OS,long,0.6666666666666666
compound,U2OS,long,0.6666666666666666
compound,U2OS,long,0.6666666666666666
compound,U2OS,long,0.6666666666666666
compound,U2OS,long,0.6666666666666666
compound,U2OS,long,0.6666666666666666
compound,U2OS,long,0.6666666666666666
compound,U2OS,long,0.6666666666666666
compound,U2OS,long,0.6666666666666666
compound,U2OS,long,0.6666666666666666
compound,U2OS,long,0.6666666666666666
compound,U2OS,long,0.6666666666666666
compound,U2OS,long,0.6666666666666666
compound,U2OS,long,0.6666666666666666
compound,U2OS,long,0.6666666666666666
compound,U2OS,long,0.6666666666666666
compound,U2OS,long,0.6666666666666666
compound,U2OS,long,0.6666666666666666
compound,U2OS,long,0.6666666666666666
compound,U2OS,long,0.07026143790849673
compound,U2OS,long,0.05008944543828265
compound,U2OS,long,0.12142857142857143
compound,U2OS,long,0.1135288043047958
compound,U2OS,long,0.013701201201201201
compound,U2OS,long,0.008362248438584316
compound,U2OS,long,0.008362248438584316
compound,U2OS,long,0.011830376793006378
compound,U2OS,long,0.18457265642117918
compound,U2OS,long,0.00936747315001151
compound,U2OS,long,0.006021714121368996
compound,U2OS,long,0.03311965811965812
compound,U2OS,long,0.043557168784029036
compound,U2OS,long,1.0
compound,U2OS,long,1.0
compound,U2OS,long,0.15329584169590948
compound,U2OS,long,0.27664569331236
compound,U2OS,long,0.03311965811965812
compound,U2OS,long,0.03311965811965812
compound,U2OS,long,0.27664569331236
compound,U2OS,long,0.21311975247473494
compound,U2OS,long,0.03311965811965812
compound,U2OS,long,0.29527373687842795
compound,U2OS,long,0.03311965811965812
compound,U2OS,long,0.03311965811965812
compound,U2OS,long,0.008626965637740245
compound,U2OS,long,0.3794454166105802
compound,U2OS,long,0.006579232134354846
compound,U2OS,long,0.010147888642582419
compound,U2OS,long,0.005381944444444444
compound,U2OS,long,1.0
compound,U2OS,long,0.023670126332145186
compound,U2OS,long,0.12741686694765889
compound,U2OS,long,0.023670126332145186
compound,U2OS,long,0.03327235745460044
compound,U2OS,long,0.011566296200568621
compound,U2OS,long,0.011566296200568621
compound,U2OS,long,0.03785714285714285
compound,U2OS,long,0.04563492063492063
compound,U2OS,long,0.04563492063492063
compound,U2OS,long,0.14471881155348895
compound,U2OS,long,0.375
compound,U2OS,long,0.375
compound,U2OS,long,0.375
compound,U2OS,long,0.375
compound,U2OS,long,0.14382859254982017
compound,U2OS,long,0.14382859254982017
compound,U2OS,long,0.14382859254982017
compound,U2OS,long,0.12161347475137421
compound,U2OS,long,0.07610759371864252
compound,U2OS,long,0.05301594536075673
compound,U2OS,long,0.20656477611951224
compound,U2OS,long,0.039230769230769236
compound,U2OS,long,0.039230769230769236
compound,U2OS,long,0.010154061624649859
compound,U2OS,long,0.2130701658543036
compound,U2OS,long,0.11556101330627605
compound,U2OS,long,0.20360933564458672
compound,U2OS,long,0.1498695549372241
compound,U2OS,long,0.07730409707723077
compound,U2OS,long,0.020759890325107718
compound,U2OS,long,0.06871345029239766
compound,U2OS,long,0.06871345029239766
compound,U2OS,long,0.06871345029239766
compound,U2OS,long,0.5454545454545454
compound,U2OS,long,0.15555555555555556
compound,U2OS,long,0.6
compound,U2OS,long,0.02268035517748115
compound,U2OS,long,0.02240537156250034
compound,U2OS,long,0.012364647351477905
compound,U2OS,long,0.012364647351477905
compound,U2OS,long,0.08459491460670705
compound,U2OS,long,0.02277327935222672
compound,U2OS,long,0.03535353535353535
compound,U2OS,long,0.08459491460670705
compound,U2OS,long,0.09090909090909091
compound,U2OS,long,0.03117309269893355
compound,U2OS,long,0.012839506172839507
compound,U2OS,long,0.055714285714285716
compound,U2OS,long,0.035897435897435895
compound,U2OS,long,0.035897435897435895
compound,U2OS,long,0.06730824591118341
compound,U2OS,long,0.07170475722349019
compound,U2OS,long,0.07532051282051282
compound,U2OS,long,0.0861344537815126
compound,U2OS,long,0.0861344537815126
compound,U2OS,long,0.02936946768542988
compound,U2OS,long,0.20833333333333331
compound,U2OS,long,0.006413398692810457
compound,U2OS,long,0.2138974763548033
compound,U2OS,long,0.03195912434527235
compound,U2OS,long,0.023863636363636365
compound,U2OS,long,0.023863636363636365
compound,U2OS,long,0.0202020202020202
compound,U2OS,long,0.019428152492668622
compound,U2OS,long,0.019428152492668622
compound,U2OS,long,0.019428152492668622
compound,U2OS,long,0.006602093558615298
compound,U2OS,long,0.006602093558615298
compound,U2OS,long,0.11904761904761904
compound,U2OS,long,0.11904761904761904
compound,U2OS,long,0.11904761904761904
compound,U2OS,long,0.02723202119173366
compound,U2OS,long,0.005405405405405406
compound,U2OS,long,0.03228058817554989
compound,U2OS,long,0.007926461723930078
compound,U2OS,long,0.13828001294888284
compound,U2OS,long,0.12122407845921651
compound,U2OS,long,0.13846153846153847
compound,U2OS,long,0.13846153846153847
compound,U2OS,long,0.13846153846153847
compound,U2OS,long,0.13846153846153847
compound,U2OS,long,0.13846153846153847
compound,U2OS,long,0.13846153846153847
compound,U2OS,long,0.13846153846153847
compound,U2OS,long,0.13846153846153847
compound,U2OS,long,0.29168619011296354
compound,U2OS,long,0.13846153846153847
compound,U2OS,long,0.13846153846153847
compound,U2OS,long,0.20360933564458672
compound,U2OS,long,1.0
compound,U2OS,long,1.0
compound,U2OS,long,0.13846153846153847
compound,U2OS,long,0.020606274971354338
compound,U2OS,long,0.020606274971354338
compound,U2OS,long,0.020606274971354338
compound,U2OS,long,0.020606274971354338
compound,U2OS,long,0.20360933564458672
compound,U2OS,long,0.19298245614035087
compound,U2OS,long,0.04790940766550522
compound,U2OS,long,0.006579232134354846
compound,U2OS,long,0.011313600782778864
compound,U2OS,long,0.011313600782778864
compound,U2OS,long,0.13846153846153847
compound,U2OS,long,0.11643546729700514
compound,U2OS,long,0.0125
compound,U2OS,long,0.013513513513513514
compound,U2OS,long,0.005511691466747647
compound,U2OS,long,0.008661887694145758
compound,U2OS,long,0.06923076923076923
compound,U2OS,long,0.4644563918757467
compound,U2OS,long,0.4644563918757467
compound,U2OS,long,0.4644563918757467
compound,U2OS,long,0.4644563918757467
compound,U2OS,long,0.6666666666666666
compound,U2OS,long,0.6666666666666666
compound,U2OS,long,0.4644563918757467
compound,U2OS,long,0.7304380764163373
compound,U2OS,long,0.4644563918757467
compound,U2OS,long,0.6666666666666666
compound,U2OS,long,0.6666666666666666
compound,U2OS,long,0.4644563918757467
compound,U2OS,long,0.4644563918757467
compound,U2OS,long,0.634453914141414
compound,U2OS,long,0.6666666666666666
compound,U2OS,long,0.6666666666666666
compound,U2OS,long,0.023670126332145186
compound,U2OS,long,0.0067433914763531735
compound,U2OS,long,0.020833333333333332
