Modality,Cell,time,Metadata_broad_sample,mAP
compound,U2OS,long,BRD-A00827783-001-24-6,0.2265508872579441
compound,U2OS,long,BRD-A01078468-001-14-8,0.4250632998913509
compound,U2OS,long,BRD-A07207424-001-14-0,0.26827888907053593
compound,U2OS,long,BRD-A08187463-001-12-9,0.28546826205137776
compound,U2OS,long,BRD-A09722536-002-18-0,0.26914153161008036
compound,U2OS,long,BRD-A10188456-001-04-9,0.35622259240451537
compound,U2OS,long,BRD-A10739734-003-09-8,0.2050197282125105
compound,U2OS,long,BRD-A15397381-001-02-5,0.20861269071370975
compound,U2OS,long,BRD-A18763547-300-06-3,0.9855630413859481
compound,U2OS,long,BRD-A18992208-003-02-7,0.5550965641704724
compound,U2OS,long,BRD-A20697603-001-07-2,0.9855630413859481
compound,U2OS,long,BRD-A22032524-074-09-9,0.6433841433186767
compound,U2OS,long,BRD-A22713669-001-04-3,0.9855630413859481
compound,U2OS,long,BRD-A23124853-001-01-4,0.8493401311692298
compound,U2OS,long,BRD-A24122750-001-03-7,0.20350619245888868
compound,U2OS,long,BRD-A25569250-001-03-3,0.23571820138969724
compound,U2OS,long,BRD-A30815329-001-12-1,0.21280586179896477
compound,U2OS,long,BRD-A31564021-001-02-6,0.2189683874828951
compound,U2OS,long,BRD-A36217750-001-16-3,0.23437903949104621
compound,U2OS,long,BRD-A37704979-001-12-3,0.9855630413859481
compound,U2OS,long,BRD-A43005764-003-01-5,0.9855630413859481
compound,U2OS,long,BRD-A48180038-003-24-3,0.2094038005811818
compound,U2OS,long,BRD-A51831848-001-01-7,0.2585304552214215
compound,U2OS,long,BRD-A54139254-001-09-2,0.39533153102706076
compound,U2OS,long,BRD-A58048407-001-20-4,0.468187586875261
compound,U2OS,long,BRD-A63310107-001-04-8,0.2417423329985438
compound,U2OS,long,BRD-A63444178-001-01-5,0.2946146983304183
compound,U2OS,long,BRD-A64173453-015-03-1,0.23125293089609827
compound,U2OS,long,BRD-A65597028-003-08-1,0.20471962465196725
compound,U2OS,long,BRD-A69636825-003-04-7,0.20357518683127368
compound,U2OS,long,BRD-A69651145-003-11-4,0.23253691709655216
compound,U2OS,long,BRD-A72351335-001-04-5,0.49890708350025725
compound,U2OS,long,BRD-A72483914-001-03-7,0.22100703492277007
compound,U2OS,long,BRD-A72767275-003-01-6,0.3374808847410039
compound,U2OS,long,BRD-A74391928-051-03-9,0.2349079428274135
compound,U2OS,long,BRD-A82396632-008-30-8,0.31981390955220546
compound,U2OS,long,BRD-A83029242-001-06-1,0.46269994606797604
compound,U2OS,long,BRD-A84687895-001-03-2,0.2915151831687751
compound,U2OS,long,BRD-A85242401-001-11-5,0.7057876052430656
compound,U2OS,long,BRD-A86665761-001-01-1,0.6018906771638322
compound,U2OS,long,BRD-A89164055-001-03-3,0.20113552921794275
compound,U2OS,long,BRD-A91008255-003-24-8,0.2216670317292444
compound,U2OS,long,BRD-A91822151-001-05-0,0.20910635945898792
compound,U2OS,long,BRD-A93477898-001-04-2,0.24234388787831618
compound,U2OS,long,BRD-A99888680-001-05-3,0.2059649547812241
compound,U2OS,long,BRD-K00259736-001-16-4,0.9855630413859481
compound,U2OS,long,BRD-K01666412-001-02-0,0.25080561786309885
compound,U2OS,long,BRD-K01824976-300-02-9,0.9855630413859481
compound,U2OS,long,BRD-K01825589-310-02-9,0.20779707341534015
compound,U2OS,long,BRD-K01825660-322-01-9,0.21023604740916413
compound,U2OS,long,BRD-K01825690-065-01-9,0.20897278911776224
compound,U2OS,long,BRD-K01826724-003-07-9,0.2108047102498412
compound,U2OS,long,BRD-K02490038-236-03-8,0.23861240358804087
compound,U2OS,long,BRD-K02554563-001-01-6,0.5342274185690141
compound,U2OS,long,BRD-K03109492-001-02-2,0.9855630413859481
compound,U2OS,long,BRD-K03155172-001-03-0,0.31354238646092775
compound,U2OS,long,BRD-K03406345-001-21-1,0.66129692176302
compound,U2OS,long,BRD-K03601870-001-01-2,0.9855630413859481
compound,U2OS,long,BRD-K04210847-001-21-9,0.20423554062176347
compound,U2OS,long,BRD-K05531427-001-01-7,0.9855630413859481
compound,U2OS,long,BRD-K05878375-236-05-7,0.9855630413859481
compound,U2OS,long,BRD-K06426971-001-02-7,0.9855630413859481
compound,U2OS,long,BRD-K06674495-334-04-0,0.5689700382406471
compound,U2OS,long,BRD-K06890060-001-09-1,0.2181108638113637
compound,U2OS,long,BRD-K07442505-001-03-6,0.2282173749082626
compound,U2OS,long,BRD-K07762753-001-05-1,0.6909826323382395
compound,U2OS,long,BRD-K07881437-001-03-8,0.9855630413859481
compound,U2OS,long,BRD-K08893438-001-06-4,0.9855630413859481
compound,U2OS,long,BRD-K08953028-001-09-6,0.28973141721584617
compound,U2OS,long,BRD-K09143580-001-01-0,0.6899358151316927
compound,U2OS,long,BRD-K09295674-001-09-8,0.27527630283339644
compound,U2OS,long,BRD-K09338665-001-08-9,0.27977925720684405
compound,U2OS,long,BRD-K09787262-001-02-7,0.24829068221150175
compound,U2OS,long,BRD-K10670311-001-17-1,0.2352406768070647
compound,U2OS,long,BRD-K10843433-001-23-5,0.20862170367407615
compound,U2OS,long,BRD-K11558771-001-13-9,0.3656773186432596
compound,U2OS,long,BRD-K11796549-001-05-2,0.25285154648290215
compound,U2OS,long,BRD-K12102668-001-25-5,0.3246344243413169
compound,U2OS,long,BRD-K12502280-001-11-4,0.9855630413859481
compound,U2OS,long,BRD-K13094524-001-04-2,0.2550674699313629
compound,U2OS,long,BRD-K13533483-001-16-2,0.9855630413859481
compound,U2OS,long,BRD-K14560436-001-01-4,0.9855630413859481
compound,U2OS,long,BRD-K14681867-001-01-6,0.36036148939329005
compound,U2OS,long,BRD-K15179513-001-04-2,0.9855630413859481
compound,U2OS,long,BRD-K15502390-001-20-9,0.35675206549526767
compound,U2OS,long,BRD-K15819326-001-01-6,0.8229813393387826
compound,U2OS,long,BRD-K16444452-001-09-1,0.3279393172590268
compound,U2OS,long,BRD-K16472653-001-01-6,0.36043769485110955
compound,U2OS,long,BRD-K16542329-001-16-8,0.23948493903927925
compound,U2OS,long,BRD-K16730910-001-07-3,0.8417182668838142
compound,U2OS,long,BRD-K16761703-001-03-8,0.8807945018332195
compound,U2OS,long,BRD-K16803204-001-01-6,0.3631363674794895
compound,U2OS,long,BRD-K16810791-001-01-0,0.20561545336131248
compound,U2OS,long,BRD-K17849083-001-32-9,0.5247623117039026
compound,U2OS,long,BRD-K18131774-001-18-4,0.23244052244339364
compound,U2OS,long,BRD-K18289362-001-02-2,0.25004799764285895
compound,U2OS,long,BRD-K18895904-001-16-1,0.6708421239607731
compound,U2OS,long,BRD-K19227686-001-18-6,0.26554535179470695
compound,U2OS,long,BRD-K19333160-001-01-3,0.9855630413859481
compound,U2OS,long,BRD-K19477839-001-07-6,0.21376031439446858
compound,U2OS,long,BRD-K19975102-001-01-2,0.900932140462141
compound,U2OS,long,BRD-K20093108-001-02-3,0.2057893065760743
compound,U2OS,long,BRD-K20897876-001-11-8,0.2055617131622689
compound,U2OS,long,BRD-K20986415-001-02-6,0.9855630413859481
compound,U2OS,long,BRD-K21528677-001-04-4,0.5178364327371208
compound,U2OS,long,BRD-K21728777-001-02-3,0.9855630413859481
compound,U2OS,long,BRD-K22134346-001-22-3,0.9855630413859481
compound,U2OS,long,BRD-K22149900-001-06-2,0.7479814455299778
compound,U2OS,long,BRD-K22482860-001-20-6,0.2703649853141228
compound,U2OS,long,BRD-K23363278-001-02-1,0.9687473616047741
compound,U2OS,long,BRD-K23913458-001-20-7,0.3096694616290812
compound,U2OS,long,BRD-K24282351-001-01-4,0.2065388232101777
compound,U2OS,long,BRD-K24283677-001-01-9,0.32258837399688967
compound,U2OS,long,BRD-K24616672-003-20-1,0.3644515887851248
compound,U2OS,long,BRD-K24696047-001-02-3,0.9855630413859481
compound,U2OS,long,BRD-K25243230-001-01-2,0.20626577593948328
compound,U2OS,long,BRD-K25244359-066-02-6,0.5418943464728101
compound,U2OS,long,BRD-K25311561-001-10-7,0.5120990338851893
compound,U2OS,long,BRD-K25412176-001-01-9,0.9168750168396125
compound,U2OS,long,BRD-K26439554-001-01-3,0.4517706215086573
compound,U2OS,long,BRD-K26514105-001-01-7,0.24485721289476717
compound,U2OS,long,BRD-K26521938-001-07-2,0.3607099239455456
compound,U2OS,long,BRD-K26970495-001-02-7,0.6819466452349529
compound,U2OS,long,BRD-K26989966-001-04-3,0.9855630413859481
compound,U2OS,long,BRD-K27539181-001-08-5,0.29765183465440725
compound,U2OS,long,BRD-K28132190-001-02-0,0.9855630413859481
compound,U2OS,long,BRD-K29151923-001-01-5,0.23421638960930466
compound,U2OS,long,BRD-K29322660-001-01-9,0.3153468289064367
compound,U2OS,long,BRD-K29530284-001-06-2,0.2382594153569133
compound,U2OS,long,BRD-K29791386-001-01-8,0.21239457682471205
compound,U2OS,long,BRD-K29895144-001-01-0,0.9855630413859481
compound,U2OS,long,BRD-K30177383-001-01-0,0.21332862455509694
compound,U2OS,long,BRD-K31170746-001-01-6,0.4094892689727913
compound,U2OS,long,BRD-K31476763-001-01-5,0.2712667279354247
compound,U2OS,long,BRD-K32292990-001-03-6,0.3197429049319534
compound,U2OS,long,BRD-K32730239-001-01-0,0.9855630413859481
compound,U2OS,long,BRD-K32821942-001-22-1,0.22073338795120181
compound,U2OS,long,BRD-K33882852-003-02-8,0.8221547709376953
compound,U2OS,long,BRD-K34581968-001-05-3,0.9855630413859481
compound,U2OS,long,BRD-K35498378-001-06-1,0.35885648947606874
compound,U2OS,long,BRD-K36016295-001-05-2,0.8623517874446431
compound,U2OS,long,BRD-K36055864-001-20-0,0.9855630413859481
compound,U2OS,long,BRD-K36461289-001-05-8,0.21933011722536977
compound,U2OS,long,BRD-K36574127-001-01-3,0.30993201827039973
compound,U2OS,long,BRD-K36660044-001-24-2,0.3027858080522851
compound,U2OS,long,BRD-K36740062-001-06-6,0.9855630413859481
compound,U2OS,long,BRD-K36927236-001-36-7,0.21374391268992954
compound,U2OS,long,BRD-K37355418-236-01-6,0.2361280070132034
compound,U2OS,long,BRD-K37385792-003-02-1,0.492578325116759
compound,U2OS,long,BRD-K37602296-001-01-6,0.3664738752129746
compound,U2OS,long,BRD-K37764012-001-03-3,0.30196096599195593
compound,U2OS,long,BRD-K37864785-001-01-0,0.28459433699362946
compound,U2OS,long,BRD-K38272302-001-02-7,0.9855630413859481
compound,U2OS,long,BRD-K38512030-001-01-7,0.27566867156398533
compound,U2OS,long,BRD-K38775274-001-22-1,0.6535962423983541
compound,U2OS,long,BRD-K38852836-001-04-9,0.9855630413859481
compound,U2OS,long,BRD-K40109029-001-02-9,0.9855630413859481
compound,U2OS,long,BRD-K41599323-001-02-3,0.9581736699477985
compound,U2OS,long,BRD-K42191735-001-08-7,0.9855630413859481
compound,U2OS,long,BRD-K42352790-001-05-3,0.23396974134074366
compound,U2OS,long,BRD-K43236057-001-07-1,0.7409422217838483
compound,U2OS,long,BRD-K43330982-001-02-3,0.5057806721832949
compound,U2OS,long,BRD-K43570081-001-02-4,0.9855630413859481
compound,U2OS,long,BRD-K44067360-001-29-5,0.3163704724672512
compound,U2OS,long,BRD-K44227013-001-08-0,0.9855630413859481
compound,U2OS,long,BRD-K44432556-001-05-5,0.22445718602722833
compound,U2OS,long,BRD-K44771174-066-01-0,0.29088408488124085
compound,U2OS,long,BRD-K45293975-001-02-0,0.9855630413859481
compound,U2OS,long,BRD-K45746021-003-01-9,0.38035288436109926
compound,U2OS,long,BRD-K46625559-001-01-8,0.3166594585322905
compound,U2OS,long,BRD-K47049295-300-03-1,0.9855630413859481
compound,U2OS,long,BRD-K47557313-001-02-7,0.6693448060441786
compound,U2OS,long,BRD-K47598052-001-14-1,0.9855630413859481
compound,U2OS,long,BRD-K47738867-001-01-5,0.21278214517291066
compound,U2OS,long,BRD-K47978074-001-03-2,0.2018016865641331
compound,U2OS,long,BRD-K48278478-001-01-2,0.34391114917098525
compound,U2OS,long,BRD-K48722258-300-11-0,0.21423537552630256
compound,U2OS,long,BRD-K48830578-001-01-9,0.8258287451810636
compound,U2OS,long,BRD-K49223707-001-01-0,0.22318534110427252
compound,U2OS,long,BRD-K49350383-001-13-7,0.9855630413859481
compound,U2OS,long,BRD-K50055394-001-03-6,0.9855630413859481
compound,U2OS,long,BRD-K50199947-001-03-4,0.9855630413859481
compound,U2OS,long,BRD-K50398167-236-22-7,0.2109236167718685
compound,U2OS,long,BRD-K50495309-001-02-0,0.9715279536666499
compound,U2OS,long,BRD-K50498985-001-03-3,0.20484364846078476
compound,U2OS,long,BRD-K50720187-051-03-1,0.4722740438428105
compound,U2OS,long,BRD-K50836978-001-03-3,0.8182983915435429
compound,U2OS,long,BRD-K51265828-001-01-0,0.20847978080880314
compound,U2OS,long,BRD-K51485109-001-01-4,0.3124980702742818
compound,U2OS,long,BRD-K51662849-001-05-4,0.24065114819097025
compound,U2OS,long,BRD-K51899933-001-02-6,0.9855630413859481
compound,U2OS,long,BRD-K52075715-001-06-7,0.9855630413859481
compound,U2OS,long,BRD-K52960356-001-13-0,0.2285023396477962
compound,U2OS,long,BRD-K53061490-003-13-9,0.22276391280242627
compound,U2OS,long,BRD-K53234107-001-01-6,0.37212589206418156
compound,U2OS,long,BRD-K53972329-001-01-3,0.5415786373502351
compound,U2OS,long,BRD-K54330070-001-19-6,0.8223822030222456
compound,U2OS,long,BRD-K55567017-001-12-3,0.21449851210053666
compound,U2OS,long,BRD-K55966568-001-09-6,0.310261153893235
compound,U2OS,long,BRD-K56740996-001-02-1,0.20323227997168025
compound,U2OS,long,BRD-K56810756-003-07-7,0.21388459137589305
compound,U2OS,long,BRD-K57313110-001-06-8,0.286453380771886
compound,U2OS,long,BRD-K57708067-001-01-3,0.3310479229639379
compound,U2OS,long,BRD-K58049875-001-03-9,0.9855630413859481
compound,U2OS,long,BRD-K58550667-001-08-7,0.9855630413859481
compound,U2OS,long,BRD-K59058747-001-19-1,0.3171745210661154
compound,U2OS,long,BRD-K59325863-001-04-4,0.9855630413859481
compound,U2OS,long,BRD-K59632282-052-03-1,0.5921469994351904
compound,U2OS,long,BRD-K59831625-001-03-9,0.9855630413859481
compound,U2OS,long,BRD-K60150510-001-15-6,0.20739889183069815
compound,U2OS,long,BRD-K60476892-001-16-1,0.8988418395543898
compound,U2OS,long,BRD-K60659193-001-01-0,0.26372989214718023
compound,U2OS,long,BRD-K61250553-003-30-6,0.3967033098590468
compound,U2OS,long,BRD-K61397605-001-01-8,0.9855630413859481
compound,U2OS,long,BRD-K61642990-001-01-0,0.4839752013416202
compound,U2OS,long,BRD-K61688984-001-02-9,0.9855630413859481
compound,U2OS,long,BRD-K61845293-300-01-9,0.773001845368501
compound,U2OS,long,BRD-K61918008-001-07-1,0.21557577174758424
compound,U2OS,long,BRD-K62810658-001-11-4,0.2430739488352983
compound,U2OS,long,BRD-K62949423-001-03-1,0.4820584714857379
compound,U2OS,long,BRD-K63430059-001-16-4,0.20472189074520367
compound,U2OS,long,BRD-K64034691-001-01-9,0.31258997981204634
compound,U2OS,long,BRD-K64054020-001-02-7,0.20683855611241303
compound,U2OS,long,BRD-K64800655-001-09-0,0.9855630413859481
compound,U2OS,long,BRD-K64890080-001-02-1,0.9855630413859481
compound,U2OS,long,BRD-K66430217-001-03-8,0.2164312717859575
compound,U2OS,long,BRD-K66788707-001-14-3,0.9855630413859481
compound,U2OS,long,BRD-K67017579-001-28-1,0.4550275487521064
compound,U2OS,long,BRD-K67637637-003-11-8,0.22885742256925476
compound,U2OS,long,BRD-K67915505-001-01-2,0.9855630413859481
compound,U2OS,long,BRD-K68143200-001-11-7,0.9855630413859481
compound,U2OS,long,BRD-K68164687-001-01-6,0.9855630413859481
compound,U2OS,long,BRD-K68567222-001-01-2,0.9855630413859481
compound,U2OS,long,BRD-K68982262-001-01-4,0.5800357657827073
compound,U2OS,long,BRD-K69122748-001-10-1,0.2102462664801139
compound,U2OS,long,BRD-K69877120-001-01-7,0.2649173367528466
compound,U2OS,long,BRD-K70358946-001-17-3,0.668214902888923
compound,U2OS,long,BRD-K70463136-001-01-5,0.5964330521991839
compound,U2OS,long,BRD-K70586315-001-02-4,0.25892853558526324
compound,U2OS,long,BRD-K70778732-003-27-5,0.1993338991565649
compound,U2OS,long,BRD-K70821460-300-02-4,0.27853946029755744
compound,U2OS,long,BRD-K71106091-001-09-5,0.9855630413859481
compound,U2OS,long,BRD-K72063794-003-01-0,0.20483515570144506
compound,U2OS,long,BRD-K72726508-001-02-1,0.9855630413859481
compound,U2OS,long,BRD-K72815923-034-02-0,0.22200790972153092
compound,U2OS,long,BRD-K73276278-305-01-1,0.9855630413859481
compound,U2OS,long,BRD-K73319509-001-08-0,0.22383897081601628
compound,U2OS,long,BRD-K73789395-001-09-9,0.7800580682912562
compound,U2OS,long,BRD-K74514084-003-09-2,0.9574928659473516
compound,U2OS,long,BRD-K74913225-001-14-0,0.27104368678606705
compound,U2OS,long,BRD-K75390981-300-04-9,0.21007237081036567
compound,U2OS,long,BRD-K75748943-300-01-3,0.9623746355888466
compound,U2OS,long,BRD-K76037122-001-02-5,0.20518273039629953
compound,U2OS,long,BRD-K76674262-001-03-3,0.9855630413859481
compound,U2OS,long,BRD-K76792669-001-08-1,0.2337740746608473
compound,U2OS,long,BRD-K76908866-001-07-6,0.23362917503721642
compound,U2OS,long,BRD-K77060810-001-01-5,0.262755631389342
compound,U2OS,long,BRD-K77087341-001-02-4,0.26812359760364074
compound,U2OS,long,BRD-K77220725-003-01-5,0.22734434087921326
compound,U2OS,long,BRD-K77627880-001-04-0,0.7200555926491115
compound,U2OS,long,BRD-K78122587-300-04-3,0.9855630413859481
compound,U2OS,long,BRD-K78126613-001-27-7,0.9855630413859481
compound,U2OS,long,BRD-K78692225-001-24-5,0.23213301588625262
compound,U2OS,long,BRD-K80451230-051-02-6,0.23946224042736358
compound,U2OS,long,BRD-K80666802-003-01-0,0.2010125597222217
compound,U2OS,long,BRD-K80935598-001-01-1,0.9855630413859481
compound,U2OS,long,BRD-K80970344-201-08-6,0.9855630413859481
compound,U2OS,long,BRD-K81197548-003-01-4,0.9855630413859481
compound,U2OS,long,BRD-K81405859-300-01-4,0.9855630413859481
compound,U2OS,long,BRD-K81801188-001-02-8,0.9855630413859481
compound,U2OS,long,BRD-K82818427-001-04-8,0.9623746355888466
compound,U2OS,long,BRD-K83896451-001-06-7,0.20153067215316373
compound,U2OS,long,BRD-K84266862-001-03-2,0.2485580773569431
compound,U2OS,long,BRD-K84783599-001-01-0,0.2027826429144891
compound,U2OS,long,BRD-K86525559-001-07-8,0.9855630413859481
compound,U2OS,long,BRD-K86930074-001-05-0,0.9855630413859481
compound,U2OS,long,BRD-K87158025-003-08-7,0.40468458753823267
compound,U2OS,long,BRD-K87632963-001-03-0,0.37433976169125294
compound,U2OS,long,BRD-K87691185-001-01-2,0.220460535399558
compound,U2OS,long,BRD-K87782578-001-01-4,0.9855630413859481
compound,U2OS,long,BRD-K89517477-001-01-4,0.8233703345517263
compound,U2OS,long,BRD-K90497590-001-05-9,0.9855630413859481
compound,U2OS,long,BRD-K90747162-001-01-4,0.9855630413859481
compound,U2OS,long,BRD-K91188791-001-17-5,0.7641078889561879
compound,U2OS,long,BRD-K91283740-003-01-6,0.9855630413859481
compound,U2OS,long,BRD-K91370081-001-25-1,0.9855630413859481
compound,U2OS,long,BRD-K91456750-001-01-9,0.21651552112122685
compound,U2OS,long,BRD-K91535048-001-01-2,0.26089788125547847
compound,U2OS,long,BRD-K91543828-001-02-0,0.6324270459596465
compound,U2OS,long,BRD-K91822704-003-07-2,0.20453527157022044
compound,U2OS,long,BRD-K91825936-001-03-9,0.5414317355482945
compound,U2OS,long,BRD-K92049597-001-20-8,0.6421490428927195
compound,U2OS,long,BRD-K93632104-001-17-2,0.27679046646816596
compound,U2OS,long,BRD-K93779381-001-01-9,0.9483395478695484
compound,U2OS,long,BRD-K93788137-001-04-1,0.9855630413859481
compound,U2OS,long,BRD-K93942811-001-01-3,0.24671162869525717
compound,U2OS,long,BRD-K94342292-001-01-3,0.6113558263217269
compound,U2OS,long,BRD-K94863486-001-02-2,0.20106550569204054
compound,U2OS,long,BRD-K95785537-001-22-3,0.9855630413859481
compound,U2OS,long,BRD-K97010173-001-04-1,0.9855630413859481
compound,U2OS,long,BRD-K97072811-001-11-4,0.220576164047313
compound,U2OS,long,BRD-K97091514-001-11-4,0.32326557332637845
compound,U2OS,long,BRD-K97181089-003-24-7,0.33635187719198156
compound,U2OS,long,BRD-K98357249-001-02-9,0.21155799648658347
compound,U2OS,long,BRD-K98763141-001-30-8,0.2839844838188951
compound,U2OS,long,BRD-K99616396-316-05-3,0.2796748957791698
crispr,U2OS,long,BRDN0000562836,0.2326666394226466
crispr,U2OS,long,BRDN0000562882,0.23281398273289278
crispr,U2OS,long,BRDN0000562944,0.32668305675658055
crispr,U2OS,long,BRDN0000563501,0.37633235521944297
crispr,U2OS,long,BRDN0000563627,0.20368168569742814
crispr,U2OS,long,BRDN0000563722,0.5113094500509958
crispr,U2OS,long,BRDN0000563764,0.22760222723659185
crispr,U2OS,long,BRDN0000564018,0.26774636318476364
crispr,U2OS,long,BRDN0000579738,0.36922373345267645
crispr,U2OS,long,BRDN0000581508,0.2202948445010301
crispr,U2OS,long,BRDN0000582721,0.401961606439589
crispr,U2OS,long,BRDN0000582784,0.21172415943101974
crispr,U2OS,long,BRDN0000585461,0.21186646184509114
crispr,U2OS,long,BRDN0000585854,0.23544684709815208
crispr,U2OS,long,BRDN0000732963,0.2529056200131472
crispr,U2OS,long,BRDN0000732970,0.3470358472423744
crispr,U2OS,long,BRDN0000733096,0.2618083593857673
crispr,U2OS,long,BRDN0000733514,0.33388238908920775
crispr,U2OS,long,BRDN0000734459,0.4623084076586629
crispr,U2OS,long,BRDN0000734502,0.2966309966542301
crispr,U2OS,long,BRDN0000734703,0.29503586878675875
crispr,U2OS,long,BRDN0000735603,0.7585095104294048
crispr,U2OS,long,BRDN0000735610,0.44135143721562753
crispr,U2OS,long,BRDN0000987760,0.2363988645639925
crispr,U2OS,long,BRDN0000990355,0.2267588042377175
crispr,U2OS,long,BRDN0000990412,0.20857510384305633
crispr,U2OS,long,BRDN0001052307,0.24419231815670098
crispr,U2OS,long,BRDN0001053816,0.4906850023221296
crispr,U2OS,long,BRDN0001054037,0.40794720772901927
crispr,U2OS,long,BRDN0001054361,0.26780696768503043
crispr,U2OS,long,BRDN0001054403,0.21752221713480688
crispr,U2OS,long,BRDN0001054801,0.2313144176438323
crispr,U2OS,long,BRDN0001054815,0.261285201454754
crispr,U2OS,long,BRDN0001054845,0.8543812424272195
crispr,U2OS,long,BRDN0001054985,0.20270057755465082
crispr,U2OS,long,BRDN0001056840,0.3779568444794278
crispr,U2OS,long,BRDN0001057455,0.2325902469757271
crispr,U2OS,long,BRDN0001057535,0.20234046238898623
crispr,U2OS,long,BRDN0001058011,0.21205087573188175
crispr,U2OS,long,BRDN0001058343,0.2361429482771699
crispr,U2OS,long,BRDN0001061130,0.26183529190519655
crispr,U2OS,long,BRDN0001061132,0.28977298520350636
crispr,U2OS,long,BRDN0001065000,0.23589777735431056
crispr,U2OS,long,BRDN0001065152,0.2883895547468578
crispr,U2OS,long,BRDN0001065162,0.2385101006985012
crispr,U2OS,long,BRDN0001065187,0.3238803422990695
crispr,U2OS,long,BRDN0001065244,0.3923764995351565
crispr,U2OS,long,BRDN0001065257,0.2940757306466344
crispr,U2OS,long,BRDN0001065258,0.2917969230835085
crispr,U2OS,long,BRDN0001065457,0.43667491426208116
crispr,U2OS,long,BRDN0001065508,0.3376907791277974
crispr,U2OS,long,BRDN0001065558,0.3409411031334221
crispr,U2OS,long,BRDN0001065674,0.2787342273053901
crispr,U2OS,long,BRDN0001065728,0.20038410218145802
crispr,U2OS,long,BRDN0001065819,0.25142435609151914
crispr,U2OS,long,BRDN0001065841,0.16916153133742146
crispr,U2OS,long,BRDN0001065858,0.32297220327378384
crispr,U2OS,long,BRDN0001066064,0.33458009122000815
crispr,U2OS,long,BRDN0001066250,0.22819018552133458
crispr,U2OS,long,BRDN0001066751,0.25755769514664345
crispr,U2OS,long,BRDN0001066838,0.22054324868079447
crispr,U2OS,long,BRDN0001144938,0.3270075709486614
crispr,U2OS,long,BRDN0001144958,0.5776511218122735
crispr,U2OS,long,BRDN0001144968,0.3534785797518493
crispr,U2OS,long,BRDN0001144990,0.27738117395265327
crispr,U2OS,long,BRDN0001144995,0.8827121416595102
crispr,U2OS,long,BRDN0001145239,0.5606708340669946
crispr,U2OS,long,BRDN0001145303,0.20320407171423116
crispr,U2OS,long,BRDN0001145318,0.24752904367312642
crispr,U2OS,long,BRDN0001145324,0.32841500424169434
crispr,U2OS,long,BRDN0001145503,0.4520889458597442
crispr,U2OS,long,BRDN0001145608,0.20166041597651926
crispr,U2OS,long,BRDN0001145610,0.3018138917958667
crispr,U2OS,long,BRDN0001145758,0.2896551594292691
crispr,U2OS,long,BRDN0001145958,0.29909280331991206
crispr,U2OS,long,BRDN0001146512,0.41223128836001455
crispr,U2OS,long,BRDN0001146786,0.5010849948281961
crispr,U2OS,long,BRDN0001146819,0.27894581892236187
crispr,U2OS,long,BRDN0001146892,0.33060269767212946
crispr,U2OS,long,BRDN0001146959,0.24397082246103446
crispr,U2OS,long,BRDN0001147209,0.25745927649923417
crispr,U2OS,long,BRDN0001147364,0.35516704683796796
crispr,U2OS,long,BRDN0001147450,0.5872363852337086
crispr,U2OS,long,BRDN0001147509,0.20177962866485039
crispr,U2OS,long,BRDN0001147538,0.3009326316578763
crispr,U2OS,long,BRDN0001147629,0.26293243497306434
crispr,U2OS,long,BRDN0001147690,0.2263290315509372
crispr,U2OS,long,BRDN0001147786,0.3131931262463452
crispr,U2OS,long,BRDN0001147867,0.3022759006016579
crispr,U2OS,long,BRDN0001147906,0.34462661950764906
crispr,U2OS,long,BRDN0001148112,0.4483097644435408
crispr,U2OS,long,BRDN0001148298,0.2214685521769062
crispr,U2OS,long,BRDN0001148320,0.21639297810984454
crispr,U2OS,long,BRDN0001148417,0.25988159986258597
crispr,U2OS,long,BRDN0001148507,0.22670798036425327
crispr,U2OS,long,BRDN0001148859,0.49823631667430596
crispr,U2OS,long,BRDN0001148950,0.2910980429770137
crispr,U2OS,long,BRDN0001149033,0.3125935291123453
crispr,U2OS,long,BRDN0001149376,0.21251537221561595
crispr,U2OS,long,BRDN0001149418,0.27013418599773364
crispr,U2OS,long,BRDN0001149473,0.25558272147368893
crispr,U2OS,long,BRDN0001149482,0.2986153546227571
crispr,U2OS,long,BRDN0001149518,0.2637054919139993
crispr,U2OS,long,BRDN0001162216,0.38930957623003215
crispr,U2OS,long,BRDN0001162576,0.7423437579369783
crispr,U2OS,long,BRDN0001162582,0.21132665484303573
crispr,U2OS,long,BRDN0001478949,0.23725445170282675
crispr,U2OS,long,BRDN0001479055,0.4850019339407537
crispr,U2OS,long,BRDN0001479262,0.6447068609236513
crispr,U2OS,long,BRDN0001479298,0.13644119227242968
crispr,U2OS,long,BRDN0001479324,0.26940787583939385
crispr,U2OS,long,BRDN0001479432,0.1379276936753671
crispr,U2OS,long,BRDN0001479616,0.37031126597138597
crispr,U2OS,long,BRDN0001479698,0.2216512560035505
crispr,U2OS,long,BRDN0001479710,0.5435899330689429
crispr,U2OS,long,BRDN0001479766,0.4138514155788344
crispr,U2OS,long,BRDN0001479791,0.2331971693384747
crispr,U2OS,long,BRDN0001479972,0.3615229932519769
crispr,U2OS,long,BRDN0001480034,0.34200411035287837
crispr,U2OS,long,BRDN0001480092,0.27446962224566357
crispr,U2OS,long,BRDN0001480242,0.2817405047597619
crispr,U2OS,long,BRDN0001480256,0.3116344194373636
crispr,U2OS,long,BRDN0001480267,0.5349787029731499
crispr,U2OS,long,BRDN0001480275,0.393566325821833
crispr,U2OS,long,BRDN0001480293,0.6049045218946746
crispr,U2OS,long,BRDN0001480309,0.2131052150681585
crispr,U2OS,long,BRDN0001480346,0.2955294026410317
crispr,U2OS,long,BRDN0001480412,0.387908074322514
crispr,U2OS,long,BRDN0001480426,0.21435445832172773
crispr,U2OS,long,BRDN0001480465,0.21584403372121375
crispr,U2OS,long,BRDN0001480476,0.2131319447680169
crispr,U2OS,long,BRDN0001480501,0.5241395351174629
crispr,U2OS,long,BRDN0001480510,0.38142429603099093
crispr,U2OS,long,BRDN0001480594,0.279632101610111
crispr,U2OS,long,BRDN0001480861,0.22620634735728473
crispr,U2OS,long,BRDN0001480865,0.23724835016804605
crispr,U2OS,long,BRDN0001480888,0.52645491903867
crispr,U2OS,long,BRDN0001480913,0.20190228213391564
crispr,U2OS,long,BRDN0001480921,0.3186842036169113
crispr,U2OS,long,BRDN0001480930,0.2144043367413163
crispr,U2OS,long,BRDN0001480931,0.22909053370037913
crispr,U2OS,long,BRDN0001480942,0.327996959939141
crispr,U2OS,long,BRDN0001481027,0.4533012272250653
crispr,U2OS,long,BRDN0001481083,0.33517506603445435
crispr,U2OS,long,BRDN0001481097,0.2220609339315408
crispr,U2OS,long,BRDN0001481136,0.4175334460252966
crispr,U2OS,long,BRDN0001481176,0.8324765139832802
crispr,U2OS,long,BRDN0001481198,0.8003272451974539
crispr,U2OS,long,BRDN0001481237,0.2194229000953802
crispr,U2OS,long,BRDN0001481315,0.2294479618595971
crispr,U2OS,long,BRDN0001481327,0.32822683642438527
crispr,U2OS,long,BRDN0001481331,0.4375669635308385
crispr,U2OS,long,BRDN0001481569,0.2168899524554262
crispr,U2OS,long,BRDN0001481578,0.26005453004243856
crispr,U2OS,long,BRDN0001481599,0.4566823445893305
crispr,U2OS,long,BRDN0001481609,0.20478587607133136
crispr,U2OS,long,BRDN0001481651,0.3635691085935904
crispr,U2OS,long,BRDN0001481654,0.3554919392898569
crispr,U2OS,long,BRDN0001481686,0.2471517374099216
crispr,U2OS,long,BRDN0001481787,0.21748741115582126
crispr,U2OS,long,BRDN0001482005,0.35038277173899424
crispr,U2OS,long,BRDN0001482043,0.2620110835538835
crispr,U2OS,long,BRDN0001482049,0.24092739140556205
crispr,U2OS,long,BRDN0001482384,0.47244570958741144
crispr,U2OS,long,BRDN0001482390,0.2106002829766624
crispr,U2OS,long,BRDN0001482450,0.2336332349745466
crispr,U2OS,long,BRDN0001482725,0.23141546723425438
crispr,U2OS,long,BRDN0001482741,0.2005934713976165
crispr,U2OS,long,BRDN0001482877,0.3591834400167427
crispr,U2OS,long,BRDN0001482955,0.3850742233252812
crispr,U2OS,long,BRDN0001482977,0.2491384602725198
crispr,U2OS,long,BRDN0001483003,0.33950320722483984
crispr,U2OS,long,BRDN0001483052,0.2084296895136786
crispr,U2OS,long,BRDN0001483086,0.7622710115016067
crispr,U2OS,long,BRDN0001483194,0.2106088587999514
crispr,U2OS,long,BRDN0001483208,0.41196050538082785
crispr,U2OS,long,BRDN0001483238,0.16460453473474745
crispr,U2OS,long,BRDN0001483257,0.21482552621398737
crispr,U2OS,long,BRDN0001483295,0.32758526484594314
crispr,U2OS,long,BRDN0001483314,0.2438498033035498
crispr,U2OS,long,BRDN0001483355,0.2754084858432865
crispr,U2OS,long,BRDN0001483495,0.4744586758525997
crispr,U2OS,long,BRDN0001483506,0.20471574406706744
crispr,U2OS,long,BRDN0001483527,0.3188943703599611
crispr,U2OS,long,BRDN0001483549,0.3558232963704243
crispr,U2OS,long,BRDN0001483666,0.24049699414038797
crispr,U2OS,long,BRDN0001483788,0.29406111755737724
crispr,U2OS,long,BRDN0001483817,0.2510968284008151
crispr,U2OS,long,BRDN0001483830,0.2655224568521648
crispr,U2OS,long,BRDN0001483958,0.21149214589935303
crispr,U2OS,long,BRDN0001484045,0.23071395226402228
crispr,U2OS,long,BRDN0001484218,0.2119610032324803
crispr,U2OS,long,BRDN0001484228,0.3403384041230926
crispr,U2OS,long,BRDN0001484276,0.48067234399783887
crispr,U2OS,long,BRDN0001484319,0.2197622807605522
crispr,U2OS,long,BRDN0001484348,0.8990992687443117
crispr,U2OS,long,BRDN0001484377,0.2815399545082795
crispr,U2OS,long,BRDN0001484416,0.3846105208477974
crispr,U2OS,long,BRDN0001484463,0.25503146971341795
crispr,U2OS,long,BRDN0001484506,0.2075855589609824
crispr,U2OS,long,BRDN0001484586,0.4744402432781729
crispr,U2OS,long,BRDN0001484642,0.20273123748519678
crispr,U2OS,long,BRDN0001484654,0.2211327051268751
crispr,U2OS,long,BRDN0001484659,0.2680414973700886
crispr,U2OS,long,BRDN0001484703,0.4524422832705204
crispr,U2OS,long,BRDN0001484730,0.22002096030573395
crispr,U2OS,long,BRDN0001484748,0.4729951118932217
crispr,U2OS,long,BRDN0001484752,0.38642568470181937
crispr,U2OS,long,BRDN0001484783,0.21276323688114337
crispr,U2OS,long,BRDN0001484786,0.27415630328873686
crispr,U2OS,long,BRDN0001485022,0.3361206602003413
crispr,U2OS,long,BRDN0001485023,0.20880556327051247
crispr,U2OS,long,BRDN0001485038,0.2604185831508401
crispr,U2OS,long,BRDN0001485150,0.2551938909252101
crispr,U2OS,long,BRDN0001485154,0.30039838666304497
crispr,U2OS,long,BRDN0001485163,0.2973248673916827
crispr,U2OS,long,BRDN0001485228,0.250542856117237
crispr,U2OS,long,BRDN0001485309,0.26055887472902794
crispr,U2OS,long,BRDN0001485334,0.26580651074123135
crispr,U2OS,long,BRDN0001485349,0.3684130780548475
crispr,U2OS,long,BRDN0001485385,0.22404307495199988
crispr,U2OS,long,BRDN0001485421,0.48573378308844517
crispr,U2OS,long,BRDN0001485538,0.24311170544717414
crispr,U2OS,long,BRDN0001485604,0.20502304143554906
crispr,U2OS,long,BRDN0001485605,0.2631762620891157
crispr,U2OS,long,BRDN0001485608,0.2490445138689319
crispr,U2OS,long,BRDN0001485619,0.21134273386001073
crispr,U2OS,long,BRDN0001485726,0.2657404054378717
crispr,U2OS,long,BRDN0001485794,0.2128575057351772
crispr,U2OS,long,BRDN0001485843,0.35916901618409
crispr,U2OS,long,BRDN0001485957,0.1866974492722952
crispr,U2OS,long,BRDN0001485965,0.24823932165388068
crispr,U2OS,long,BRDN0001486172,0.2194005082658314
crispr,U2OS,long,BRDN0001486303,0.2917727978396092
crispr,U2OS,long,BRDN0001486377,0.4692434403741047
crispr,U2OS,long,BRDN0001486382,0.300858571706375
crispr,U2OS,long,BRDN0001486449,0.2069828028549183
crispr,U2OS,long,BRDN0001486451,0.5027576699872387
crispr,U2OS,long,BRDN0001486606,0.26489346099534
crispr,U2OS,long,BRDN0001486630,0.24479129798485524
crispr,U2OS,long,BRDN0001486718,0.1998794387049757
crispr,U2OS,long,BRDN0001486748,0.7715034243152181
crispr,U2OS,long,BRDN0001486784,0.2136833687017891
crispr,U2OS,long,BRDN0001486813,0.4526707587691905
crispr,U2OS,long,BRDN0001486852,0.2749649422616146
crispr,U2OS,long,BRDN0001486858,0.3181975174595601
crispr,U2OS,long,BRDN0001486925,0.45219176356238766
crispr,U2OS,long,BRDN0001487003,0.20656168033057498
crispr,U2OS,long,BRDN0001487070,0.22735697016399553
crispr,U2OS,long,BRDN0001487201,0.34855038372038316
crispr,U2OS,long,BRDN0001487205,0.21358960968256577
crispr,U2OS,long,BRDN0001487247,0.4909927915599881
crispr,U2OS,long,BRDN0001487249,0.25425878221782294
crispr,U2OS,long,BRDN0001487270,0.34710987716014763
crispr,U2OS,long,BRDN0001487280,0.2342576780602178
crispr,U2OS,long,BRDN0001487328,0.34597368236125103
crispr,U2OS,long,BRDN0001487345,0.2698753056962989
crispr,U2OS,long,BRDN0001487440,0.3328783024329559
crispr,U2OS,long,BRDN0001487520,0.21962443433751822
crispr,U2OS,long,BRDN0001487543,0.4859096462376026
crispr,U2OS,long,BRDN0001487607,0.27964544632879945
crispr,U2OS,long,BRDN0001487609,0.22780652659242218
crispr,U2OS,long,BRDN0001487618,0.17319673170353567
crispr,U2OS,long,BRDN0001487636,0.4093672252774979
crispr,U2OS,long,BRDN0001487712,0.22730410887046668
crispr,U2OS,long,BRDN0001487761,0.29446706154343016
crispr,U2OS,long,BRDN0001487815,0.29068949697323276
crispr,U2OS,long,BRDN0001487864,0.345482785574159
crispr,U2OS,long,BRDN0001487881,0.2705304645439697
crispr,U2OS,long,BRDN0001487915,0.5089895074373536
crispr,U2OS,long,BRDN0001488073,0.27892733520748847
crispr,U2OS,long,BRDN0001488082,0.3243936605872977
crispr,U2OS,long,BRDN0001488235,0.3918593152559473
crispr,U2OS,long,BRDN0001488241,0.6748395190035152
crispr,U2OS,long,BRDN0001488321,0.2664766114253302
crispr,U2OS,long,BRDN0001488340,0.3341652731530397
crispr,U2OS,long,BRDN0001488344,0.21077311414602232
crispr,U2OS,long,BRDN0001488358,0.41640712473753616
crispr,U2OS,long,BRDN0001488371,0.2622083521737442
crispr,U2OS,long,BRDN0001488387,0.42304060159124657
crispr,U2OS,long,BRDN0001488463,0.2668814597219854
crispr,U2OS,long,BRDN0001488469,0.2988784849140353
crispr,U2OS,long,BRDN0001488543,0.3826377173239979
crispr,U2OS,long,BRDN0001488605,0.4976419455900596
crispr,U2OS,long,BRDN0001488696,0.20986087131396974
crispr,U2OS,long,BRDN0001488751,0.2818545673349041
crispr,U2OS,long,BRDN0001488805,0.28457242135839456
crispr,U2OS,long,BRDN0001488886,0.2410376939122792
crispr,U2OS,long,BRDN0001489053,0.20872007502741852
crispr,U2OS,long,BRDN0001489066,0.257398697975309
crispr,U2OS,long,BRDN0001489120,0.20363731862559525
crispr,U2OS,long,BRDN0001489262,0.2944987040945157
crispr,U2OS,long,BRDN0001489452,0.300884832819868
crispr,U2OS,long,BRDN0001489498,0.24217782004321553
crispr,U2OS,long,BRDN0001489555,0.2068713979919743
crispr,U2OS,long,BRDN0001489575,0.2598640775178646
crispr,U2OS,long,BRDN0001489609,0.2068689818536395
crispr,U2OS,long,BRDN0001489686,0.4519968089853012
crispr,U2OS,long,BRDN0001489794,0.2402505417532971
crispr,U2OS,long,BRDN0001489809,0.5644322214809518
crispr,U2OS,long,BRDN0001490153,0.35336071725720297
crispr,U2OS,long,BRDN0001490272,0.4481483210333833
crispr,U2OS,long,BRDN0001490325,0.45932981195401396
crispr,U2OS,long,BRDN0001490543,0.2510556938024143
crispr,U2OS,long,BRDN0001493988,0.39927444016221897
orf,U2OS,long,ccsbBroad304_00008,0.18951846202907718
orf,U2OS,long,ccsbBroad304_00023,0.675221343598168
orf,U2OS,long,ccsbBroad304_00037,0.24901285121370134
orf,U2OS,long,ccsbBroad304_00049,0.6160684840737913
orf,U2OS,long,ccsbBroad304_00055,0.232210329341913
orf,U2OS,long,ccsbBroad304_00129,0.4083733277965367
orf,U2OS,long,ccsbBroad304_00142,0.17066556020964999
orf,U2OS,long,ccsbBroad304_00150,0.19209886383011127
orf,U2OS,long,ccsbBroad304_00155,0.18620413578246364
orf,U2OS,long,ccsbBroad304_00202,0.4796696273213901
orf,U2OS,long,ccsbBroad304_00221,0.15525698575299618
orf,U2OS,long,ccsbBroad304_00272,0.23289899162512911
orf,U2OS,long,ccsbBroad304_00277,0.3109593588164136
orf,U2OS,long,ccsbBroad304_00280,0.17277678108917482
orf,U2OS,long,ccsbBroad304_00304,0.2880181471344208
orf,U2OS,long,ccsbBroad304_00305,0.5644616291133537
orf,U2OS,long,ccsbBroad304_00326,0.16319323565954869
orf,U2OS,long,ccsbBroad304_00331,0.2924075112496616
orf,U2OS,long,ccsbBroad304_00371,0.3336436699026307
orf,U2OS,long,ccsbBroad304_00376,0.5314352291265161
orf,U2OS,long,ccsbBroad304_00396,0.17777859276924451
orf,U2OS,long,ccsbBroad304_00407,0.1440345827638229
orf,U2OS,long,ccsbBroad304_00411,0.26719078966727167
orf,U2OS,long,ccsbBroad304_00454,0.15450548742900105
orf,U2OS,long,ccsbBroad304_00476,0.4457987342229709
orf,U2OS,long,ccsbBroad304_00477,0.5968915134320418
orf,U2OS,long,ccsbBroad304_00494,0.14705564623670103
orf,U2OS,long,ccsbBroad304_00504,0.2689138087842816
orf,U2OS,long,ccsbBroad304_00526,0.3152840816656386
orf,U2OS,long,ccsbBroad304_00555,0.2321186082228178
orf,U2OS,long,ccsbBroad304_00576,0.1988859686477807
orf,U2OS,long,ccsbBroad304_00607,0.16593818808680055
orf,U2OS,long,ccsbBroad304_00681,0.21707560373196402
orf,U2OS,long,ccsbBroad304_00691,0.2249909343378241
orf,U2OS,long,ccsbBroad304_00733,0.17787286917036854
orf,U2OS,long,ccsbBroad304_00799,0.21908590722758897
orf,U2OS,long,ccsbBroad304_00805,0.21172821398128103
orf,U2OS,long,ccsbBroad304_00811,0.16226306271874855
orf,U2OS,long,ccsbBroad304_00843,0.1747965420184987
orf,U2OS,long,ccsbBroad304_00894,0.1538438474324811
orf,U2OS,long,ccsbBroad304_00900,0.24648658141445237
orf,U2OS,long,ccsbBroad304_00902,0.2707610161475514
orf,U2OS,long,ccsbBroad304_00904,0.30197691554149236
orf,U2OS,long,ccsbBroad304_00954,0.97165991902834
orf,U2OS,long,ccsbBroad304_01020,0.2858670274007433
orf,U2OS,long,ccsbBroad304_01121,0.16579030111801885
orf,U2OS,long,ccsbBroad304_01122,0.3545392643599273
orf,U2OS,long,ccsbBroad304_01144,0.7142652125452744
orf,U2OS,long,ccsbBroad304_01161,0.15275153418915854
orf,U2OS,long,ccsbBroad304_01213,0.21815163145976102
orf,U2OS,long,ccsbBroad304_01216,0.17554221225249145
orf,U2OS,long,ccsbBroad304_01230,0.15402743859842233
orf,U2OS,long,ccsbBroad304_01282,0.23016420525700765
orf,U2OS,long,ccsbBroad304_01283,0.40392613189860227
orf,U2OS,long,ccsbBroad304_01287,0.19886392469370429
orf,U2OS,long,ccsbBroad304_01334,0.1687307022170665
orf,U2OS,long,ccsbBroad304_01340,0.15726943177086944
orf,U2OS,long,ccsbBroad304_01396,0.1582732128022041
orf,U2OS,long,ccsbBroad304_01404,0.29362196789763506
orf,U2OS,long,ccsbBroad304_01492,0.16077908508705183
orf,U2OS,long,ccsbBroad304_01602,0.2089432591987651
orf,U2OS,long,ccsbBroad304_01649,0.4001022576901555
orf,U2OS,long,ccsbBroad304_01666,0.16053228582260953
orf,U2OS,long,ccsbBroad304_01684,0.9386928860613071
orf,U2OS,long,ccsbBroad304_01690,0.15182853486120323
orf,U2OS,long,ccsbBroad304_01760,0.3650907716673294
orf,U2OS,long,ccsbBroad304_01768,0.20567202092012454
orf,U2OS,long,ccsbBroad304_01991,0.20216172077683092
orf,U2OS,long,ccsbBroad304_02128,0.27019123876894635
orf,U2OS,long,ccsbBroad304_02129,0.27559802576278647
orf,U2OS,long,ccsbBroad304_02392,0.5116089199617616
orf,U2OS,long,ccsbBroad304_02415,0.4333962713660208
orf,U2OS,long,ccsbBroad304_02416,0.2834194113502153
orf,U2OS,long,ccsbBroad304_02705,0.17773849822203103
orf,U2OS,long,ccsbBroad304_02813,0.15642806955531802
orf,U2OS,long,ccsbBroad304_02826,0.3666122771823289
orf,U2OS,long,ccsbBroad304_03026,0.18475096282208134
orf,U2OS,long,ccsbBroad304_03155,0.1653564267802175
orf,U2OS,long,ccsbBroad304_03441,0.16465538192497137
orf,U2OS,long,ccsbBroad304_03827,0.15761320826066286
orf,U2OS,long,ccsbBroad304_03876,0.16991401151610763
orf,U2OS,long,ccsbBroad304_03934,0.27820312325219043
orf,U2OS,long,ccsbBroad304_03976,0.16349347320181062
orf,U2OS,long,ccsbBroad304_04505,0.17676219122575126
orf,U2OS,long,ccsbBroad304_04829,0.19672078244189867
orf,U2OS,long,ccsbBroad304_04933,0.16380846925806875
orf,U2OS,long,ccsbBroad304_05206,0.19339525753406034
orf,U2OS,long,ccsbBroad304_05439,0.1793755695714791
orf,U2OS,long,ccsbBroad304_05555,0.23275807687423433
orf,U2OS,long,ccsbBroad304_05777,0.15382684185320436
orf,U2OS,long,ccsbBroad304_05782,0.3364346544822763
orf,U2OS,long,ccsbBroad304_05785,0.14851074455827537
orf,U2OS,long,ccsbBroad304_05821,0.28165783036148145
orf,U2OS,long,ccsbBroad304_05921,0.25200207030340194
orf,U2OS,long,ccsbBroad304_05926,0.2599712599999164
orf,U2OS,long,ccsbBroad304_06018,0.2826358477865631
orf,U2OS,long,ccsbBroad304_06071,0.5262012644586727
orf,U2OS,long,ccsbBroad304_06085,0.20607688548863534
orf,U2OS,long,ccsbBroad304_06088,0.32816798142734993
orf,U2OS,long,ccsbBroad304_06138,0.18143456335887354
orf,U2OS,long,ccsbBroad304_06188,0.19855055731378055
orf,U2OS,long,ccsbBroad304_06221,0.14821295631114484
orf,U2OS,long,ccsbBroad304_06237,0.32364885271407673
orf,U2OS,long,ccsbBroad304_06272,0.5575735955037149
orf,U2OS,long,ccsbBroad304_06343,0.1855166147510171
orf,U2OS,long,ccsbBroad304_06353,0.32849519189252635
orf,U2OS,long,ccsbBroad304_06365,0.2159676262981019
orf,U2OS,long,ccsbBroad304_06403,0.5719792056717347
orf,U2OS,long,ccsbBroad304_06412,0.15142089109355963
orf,U2OS,long,ccsbBroad304_06451,0.2965206852871345
orf,U2OS,long,ccsbBroad304_06464,0.2254921138207442
orf,U2OS,long,ccsbBroad304_06483,0.15594218667912657
orf,U2OS,long,ccsbBroad304_06588,0.20358007249362767
orf,U2OS,long,ccsbBroad304_06701,0.2591195128607253
orf,U2OS,long,ccsbBroad304_06754,0.15255994198610529
orf,U2OS,long,ccsbBroad304_06755,0.15803431890330388
orf,U2OS,long,ccsbBroad304_06811,0.16323901562165244
orf,U2OS,long,ccsbBroad304_06874,0.4487082561968718
orf,U2OS,long,ccsbBroad304_06884,0.17227112709468528
orf,U2OS,long,ccsbBroad304_06908,0.18535407542457652
orf,U2OS,long,ccsbBroad304_07061,0.204728720853787
orf,U2OS,long,ccsbBroad304_07194,0.25614961025196537
orf,U2OS,long,ccsbBroad304_07311,0.2322899995922693
orf,U2OS,long,ccsbBroad304_07535,0.1598905085931494
orf,U2OS,long,ccsbBroad304_07557,0.2559940039916436
orf,U2OS,long,ccsbBroad304_07795,0.20584203769547282
orf,U2OS,long,ccsbBroad304_08590,0.1940402072014127
orf,U2OS,long,ccsbBroad304_08873,0.5994866693599827
orf,U2OS,long,ccsbBroad304_10688,0.1480511556218795
orf,U2OS,long,ccsbBroad304_10895,0.16535573400035528
orf,U2OS,long,ccsbBroad304_10934,0.32257762255875466
orf,U2OS,long,ccsbBroad304_11023,0.30845270137693875
orf,U2OS,long,ccsbBroad304_11445,0.15648630507137368
orf,U2OS,long,ccsbBroad304_11738,0.2192740584399921
orf,U2OS,long,ccsbBroad304_14525,0.6012893226101004
orf,U2OS,long,ccsbBroad304_14538,0.22168825804445763
orf,U2OS,long,ccsbBroad304_14540,0.16363558291319483
orf,U2OS,long,ccsbBroad304_14554,0.37248035628512777
orf,U2OS,long,ccsbBroad304_14572,0.22195313339821393
orf,U2OS,long,ccsbBroad304_14579,0.29068730142655747
orf,U2OS,long,ccsbBroad304_14597,0.19058929271753652
orf,U2OS,long,ccsbBroad304_14631,0.1775065883313391
orf,U2OS,long,ccsbBroad304_14635,0.8570354130994863
orf,U2OS,long,ccsbBroad304_14644,0.17537922570807027
orf,U2OS,long,ccsbBroad304_14671,0.15850236510850274
orf,U2OS,long,ccsbBroad304_14679,0.14343469256044888
orf,U2OS,long,ccsbBroad304_14684,0.37458603003283936
orf,U2OS,long,ccsbBroad304_14688,0.29965109819999924
orf,U2OS,long,ccsbBroad304_14696,0.17150398182588408
orf,U2OS,long,ccsbBroad304_14720,0.6239266065891452
orf,U2OS,long,ccsbBroad304_14724,0.4071185993457602
orf,U2OS,long,ccsbBroad304_14741,0.1722689867585949
orf,U2OS,long,ccsbBroad304_14762,0.19080639748519213
orf,U2OS,long,ccsbBroad304_14770,0.16323491946258964
orf,U2OS,long,ccsbBroad304_14827,0.14924667376836448
orf,U2OS,long,ccsbBroad304_14931,0.9557869031553241
orf,U2OS,long,ccsbBroad304_14932,0.15501015094569026
orf,U2OS,long,ccsbBroad304_14989,0.1475025137974703
orf,U2OS,long,ccsbBroad304_16173,0.8637234110918321
orf,U2OS,long,ccsbBroad304_16175,0.15919879431431225
